gene_id,FinalSymbol
GQ67_00031,
GQ67_00032,
GQ67_00033,
GQ67_00034,
GQ67_00035,
GQ67_00036,
GQ67_00037,
GQ67_00038,
GQ67_00039,
GQ67_00040,
GQ67_00041,
GQ67_00043,DOG1
GQ67_00044,ROX1
GQ67_00045,YPL199C
GQ67_00046,
GQ67_00047,YPL225W
GQ67_00048,YMR178W
GQ67_00049,MMT2
GQ67_00050,ECM5
GQ67_00051,HSF1
GQ67_00052,YPL191C
GQ67_00053,SCY1
GQ67_00054,ARG81
GQ67_00055,DBP3
GQ67_00056,OXR1
GQ67_00057,YLR126C
GQ67_00058,URE2
GQ67_00059,
GQ67_00060,IES2
GQ67_00061,NIT1
GQ67_00063,YET3
GQ67_00064,SEC8
GQ67_00065,YDR061W
GQ67_00066,MMS4
GQ67_00067,FES1
GQ67_00068,TFB4
GQ67_00069,
GQ67_00070,
GQ67_00071,FCY1
GQ67_00072,FRE2
GQ67_00073,AGP2
GQ67_00074,DNF3
GQ67_00075,
GQ67_00076,
GQ67_00077,SCW11
GQ67_00078,
GQ67_00079,DUR3
GQ67_00080,SWF1
GQ67_00081,DNF1
GQ67_00082,UBC13
GQ67_00083,GRX3
GQ67_00084,RAD24
GQ67_00085,RPH1
GQ67_00086,
GQ67_00087,
GQ67_00088,CHS3
GQ67_00089,MON2
GQ67_00090,PUS4
GQ67_00091,MID1
GQ67_00092,RFC3
GQ67_00093,POA1
GQ67_00094,YPK3
GQ67_00095,OLE1
GQ67_00096,RIM21
GQ67_00097,
GQ67_00098,
GQ67_00099,
GQ67_00100,
GQ67_00101,GPR1
GQ67_00102,CCT7
GQ67_00103,MDV1
GQ67_00104,SPC34
GQ67_00105,SMC1
GQ67_00106,
GQ67_00107,
GQ67_00108,KAE1
GQ67_00109,RPL24B
GQ67_00110,
GQ67_00111,
GQ67_00112,KGD1
GQ67_00113,TRM1
GQ67_00114,
GQ67_00115,
GQ67_00116,PCL1
GQ67_00117,
GQ67_00118,MSH6
GQ67_00119,
GQ67_00120,CHD1
GQ67_00121,RLI1
GQ67_00122,PAB1
GQ67_00123,
GQ67_00124,NYV1
GQ67_00125,DPB4
GQ67_00126,
GQ67_00127,
GQ67_00128,
GQ67_00129,
GQ67_00130,BMH1
GQ67_00131,ARX1
GQ67_00132,MAK32
GQ67_00133,
GQ67_00134,UGA1-like
GQ67_00135,YMR221C
GQ67_00136,
GQ67_00137,FBP26
GQ67_00138,ADK2
GQ67_00140,CDC42
GQ67_00141,TCP1
GQ67_00142,UPC2
GQ67_00143,
GQ67_00144,RVS167
GQ67_00145,
GQ67_00146,SAC7
GQ67_00147,UBA2
GQ67_00148,IDH2
GQ67_00149,ADE8
GQ67_00150,PUP1
GQ67_00151,ISM1
GQ67_00152,TRS120
GQ67_00153,EFT1
GQ67_00154,PKC1
GQ67_00155,RPB2
GQ67_00156,MRP20
GQ67_00157,
GQ67_00158,PUT4
GQ67_00159,ESC2
GQ67_00160,KRE2
GQ67_00161,
GQ67_00162,
GQ67_00163,CCC2
GQ67_00164,MUS81
GQ67_00165,PNS1
GQ67_00166,MTR10
GQ67_00167,PET123
GQ67_00168,KAR2
GQ67_00169,BUD7
GQ67_00170,TAF9
GQ67_00171,ISU1
GQ67_00172,MED6
GQ67_00173,FYV4
GQ67_00174,HNT2
GQ67_00175,MCM3
GQ67_00176,ERV1
GQ67_00177,VRP1
GQ67_00178,UBA3
GQ67_00179,RAD52
GQ67_00180,NDC1
GQ67_00181,NHX1
GQ67_00182,
GQ67_00183,
GQ67_00184,SHP1
GQ67_00185,MET6
GQ67_00186,GOS1
GQ67_00187,
GQ67_00188,POL3
GQ67_00189,HUL5
GQ67_00190,MLH1
GQ67_00191,YMR166C
GQ67_00192,QRI7
GQ67_00193,NSE4
GQ67_00194,"ARG5,6"
GQ67_00195,FIS1
GQ67_00196,TAD1
GQ67_00197,YGL242C
GQ67_00198,
GQ67_00199,GPH1
GQ67_00200,KEX1
GQ67_00201,
GQ67_00202,CCA1
GQ67_00203,CRG1
GQ67_00204,
GQ67_00205,
GQ67_00206,
GQ67_00207,CFT2
GQ67_00208,MTQ2
GQ67_00209,DOP1
GQ67_00210,VPS28
GQ67_00211,YLR118C
GQ67_00212,
GQ67_00213,RPM2
GQ67_00214,TUB1
GQ67_00215,
GQ67_00216,PRE8
GQ67_00217,PET18
GQ67_00218,YOL075C
GQ67_00219,ERG13
GQ67_00220,MSC1
GQ67_00221,RSC9
GQ67_00222,
GQ67_00223,
GQ67_00224,
GQ67_00225,ALO1
GQ67_00226,
GQ67_00227,PGA3
GQ67_00228,UFO1
GQ67_00229,
GQ67_00230,SPE2
GQ67_00231,PTP2
GQ67_00232,RNY1
GQ67_00233,
GQ67_00234,SPP1
GQ67_00235,MGM1
GQ67_00236,YOR228C
GQ67_00237,
GQ67_00238,
GQ67_00239,VPS30
GQ67_00240,PMT1
GQ67_00241,GEP3
GQ67_00242,ITC1
GQ67_00243,CBP3
GQ67_00244,LEA1
GQ67_00245,SNT2
GQ67_00246,CEG1
GQ67_00247,
GQ67_00248,
GQ67_00249,HRR25
GQ67_00250,KAP120
GQ67_00251,NPT1
GQ67_00252,NAN1
GQ67_00253,
GQ67_00254,RDS2
GQ67_00255,COX11
GQ67_00256,
GQ67_00257,
GQ67_00258,MRP1
GQ67_00259,YHR097C
GQ67_00260,RNA14
GQ67_00261,
GQ67_00262,NOP16
GQ67_00263,PHO89
GQ67_00264,SRX1
GQ67_00265,YDR336W
GQ67_00266,MDH1
GQ67_00267,
GQ67_00268,TVP18
GQ67_00269,
GQ67_00270,AVO2
GQ67_00271,
GQ67_00272,UBX4
GQ67_00273,SOV1
GQ67_00274,IFM1
GQ67_00275,
GQ67_00276,VMA5
GQ67_00277,
GQ67_00278,NEM1
GQ67_00279,
GQ67_00280,
GQ67_00281,NAT4
GQ67_00282,
GQ67_00283,
GQ67_00284,VHS2
GQ67_00285,
GQ67_00286,LDB19
GQ67_00287,PMT2
GQ67_00288,FUN26
GQ67_00289,ISA2
GQ67_00290,
GQ67_00291,AIM3
GQ67_00292,SKT5
GQ67_00293,YCR061W
GQ67_00294,
GQ67_00295,
GQ67_00296,YIH1
GQ67_00297,
GQ67_00298,PWP2
GQ67_00299,CTR86
GQ67_00300,THR4
GQ67_00301,
GQ67_00302,SNF12
GQ67_00303,HAT2
GQ67_00304,MRPL50
GQ67_00305,BUD17
GQ67_00306,RAD18
GQ67_00307,MED8
GQ67_00308,SLK19
GQ67_00309,TOA1
GQ67_00310,
GQ67_00311,TGL3
GQ67_00312,SNQ2
GQ67_00313,
GQ67_00314,ZUO1
GQ67_00315,AIM43
GQ67_00316,TAN1
GQ67_00317,ELP4
GQ67_00318,FZO1
GQ67_00319,ERV29
GQ67_00320,GLC8
GQ67_00321,
GQ67_00322,VPS55
GQ67_00323,
GQ67_00324,
GQ67_00325,
GQ67_00327,
GQ67_00328,YPL108W
GQ67_00329,POP7
GQ67_00330,
GQ67_00331,
GQ67_00332,
GQ67_00333,
GQ67_00334,VID30
GQ67_00336,CCH1
GQ67_00337,HDA1
GQ67_00338,TRE2
GQ67_00339,SPT14
GQ67_00340,
GQ67_00341,KEX2
GQ67_00342,NAR1
GQ67_00343,
GQ67_00344,
GQ67_00345,ZWF1
GQ67_00346,MCH4
GQ67_00347,
GQ67_00348,
GQ67_00349,
GQ67_00350,
GQ67_00351,ECM4
GQ67_00352,
GQ67_00354,
GQ67_00355,
GQ67_00356,
GQ67_00357,SHE4
GQ67_00358,YNG2
GQ67_00359,
GQ67_00360,CNE1
GQ67_00361,EMI5
GQ67_00362,CDC37
GQ67_00363,HSP78
GQ67_00364,
GQ67_00365,MGR1
GQ67_00366,EMC1
GQ67_00367,
GQ67_00368,AKR1
GQ67_00369,PEP7
GQ67_00370,PUT3
GQ67_00371,SGT1
GQ67_00372,
GQ67_00373,ZTA1
GQ67_00374,
GQ67_00375,
GQ67_00376,
GQ67_00377,
GQ67_00378,YOR223W
GQ67_00379,
GQ67_00380,GSF2
GQ67_00381,
GQ67_00382,
GQ67_00383,RAV1
GQ67_00384,MES1
GQ67_00385,BUD32
GQ67_00386,
GQ67_00387,
GQ67_00388,SPT4
GQ67_00389,MUP1
GQ67_00390,
GQ67_00391,ECL1
GQ67_00392,RSP5
GQ67_00393,DSE1
GQ67_00394,EAF3
GQ67_00395,YCK1
GQ67_00396,STR3
GQ67_00397,
GQ67_00398,YGL185C
GQ67_00399,COX4
GQ67_00400,RPS26A
GQ67_00401,CDC55
GQ67_00402,COX13
GQ67_00403,IME4
GQ67_00404,YGL010W
GQ67_00405,SLA1
GQ67_00406,BRN1
GQ67_00407,LEU1
GQ67_00408,CUL3
GQ67_00409,SWC4
GQ67_00410,MMS22
GQ67_00411,BUD6
GQ67_00412,EST2
GQ67_00413,
GQ67_00414,
GQ67_00415,SFH1
GQ67_00416,EFB1
GQ67_00418,MTG2
GQ67_00419,SPC97
GQ67_00420,
GQ67_00421,
GQ67_00422,NMD3
GQ67_00423,
GQ67_00424,
GQ67_00425,
GQ67_00426,MRPS28
GQ67_00427,YDR319C
GQ67_00428,MCM21
GQ67_00429,RMP1
GQ67_00430,TAD2
GQ67_00431,SNX4
GQ67_00432,
GQ67_00433,ERG7
GQ67_00434,NAS2
GQ67_00435,BRF1
GQ67_00436,POL31
GQ67_00437,MSM1
GQ67_00438,YIP1
GQ67_00439,
GQ67_00440,BRE2
GQ67_00441,HER2
GQ67_00442,YTA7
GQ67_00443,PFK1
GQ67_00444,
GQ67_00445,
GQ67_00446,
GQ67_00447,PPZ1
GQ67_00448,HOL1
GQ67_00449,YEH2
GQ67_00450,
GQ67_00451,SDO1
GQ67_00452,IZH3
GQ67_00453,YIM1
GQ67_00454,YLR001C
GQ67_00455,SGN1
GQ67_00456,LEU4
GQ67_00457,MFM1
GQ67_00458,BUB1
GQ67_00459,GPI16
GQ67_00460,HSH155
GQ67_00461,YIA6
GQ67_00462,EPS1
GQ67_00463,ADI1
GQ67_00464,WBP1
GQ67_00465,INP51
GQ67_00466,YIL001W
GQ67_00467,IRC22
GQ67_00468,FTH1
GQ67_00469,
GQ67_00470,HTA1
GQ67_00471,SWD3
GQ67_00472,UMP1
GQ67_00473,SMY2
GQ67_00474,SEC66
GQ67_00475,VPS66
GQ67_00476,
GQ67_00477,
GQ67_00478,FCP1
GQ67_00479,TAF8
GQ67_00480,DSK2
GQ67_00481,OCT1
GQ67_00482,
GQ67_00483,TDH3
GQ67_00484,PIF1
GQ67_00485,SEC39
GQ67_00486,
GQ67_00487,MRPL4
GQ67_00488,
GQ67_00489,
GQ67_00490,YLR278C
GQ67_00491,HRI1
GQ67_00492,ULS1
GQ67_00493,SEC72
GQ67_00494,GSP2
GQ67_00495,
GQ67_00496,ALD2
GQ67_00497,EXG1
GQ67_00498,CUS1
GQ67_00499,
GQ67_00500,SLY41
GQ67_00501,
GQ67_00502,KOG1
GQ67_00503,PRK1
GQ67_00504,YGR235C
GQ67_00505,
GQ67_00506,MTM1
GQ67_00507,SKG1
GQ67_00508,OMA1
GQ67_00509,RTS2
GQ67_00510,TGL4
GQ67_00511,CTK1
GQ67_00513,CNS1
GQ67_00514,HUL4
GQ67_00515,RIP1
GQ67_00516,YEL023C
GQ67_00517,
GQ67_00518,GEF1
GQ67_00519,ADH2
GQ67_00520,
GQ67_00521,
GQ67_00522,TRS20
GQ67_00523,MTC4
GQ67_00524,DUT1
GQ67_00525,
GQ67_00526,MDM38
GQ67_00527,RPS14A
GQ67_00528,
GQ67_00529,YIP3
GQ67_00530,
GQ67_00531,RPL40B
GQ67_00532,LAP2
GQ67_00533,
GQ67_00534,ITR2
GQ67_00535,ITR1
GQ67_00536,
GQ67_00537,DSF2
GQ67_00538,SOK1
GQ67_00539,FAP7
GQ67_00540,CDC36
GQ67_00541,APL3
GQ67_00542,YBL036C
GQ67_00543,SEC59
GQ67_00544,
GQ67_00545,LHP1
GQ67_00546,POL12
GQ67_00547,IST2
GQ67_00548,
GQ67_00549,YOL114C
GQ67_00550,PEX11
GQ67_00551,PSF3
GQ67_00553,GIS1
GQ67_00554,ALD4
GQ67_00555,
GQ67_00556,MBP1
GQ67_00557,YDL057W
GQ67_00558,
GQ67_00559,WAR1
GQ67_00560,PRI2
GQ67_00561,HST3
GQ67_00562,
GQ67_00563,PEX29
GQ67_00564,BUB3
GQ67_00565,
GQ67_00566,YMC2
GQ67_00567,RKM4
GQ67_00568,STI1
GQ67_00569,YOR019W
GQ67_00570,SNF1
GQ67_00571,BUD22
GQ67_00572,OAR1
GQ67_00573,
GQ67_00574,
GQ67_00575,
GQ67_00576,
GQ67_00577,
GQ67_00578,
GQ67_00579,
GQ67_00580,
GQ67_00581,
GQ67_00582,
GQ67_00583,
GQ67_00584,
GQ67_00585,HEM4
GQ67_00586,
GQ67_00587,PUF3
GQ67_00588,
GQ67_00589,APL4
GQ67_00590,YOP1
GQ67_00591,
GQ67_00592,
GQ67_00593,PAN3
GQ67_00594,IRC24
GQ67_00595,URA6
GQ67_00596,
GQ67_00597,TES1
GQ67_00598,
GQ67_00599,
GQ67_00600,MET22
GQ67_00601,BEM1
GQ67_00602,ALG6
GQ67_00603,
GQ67_00605,AIM27
GQ67_00606,ADD66
GQ67_00607,LIA1
GQ67_00608,RPA12
GQ67_00609,CCT5
GQ67_00610,ARP3
GQ67_00611,TOR2
GQ67_00612,
GQ67_00613,WHI2
GQ67_00614,
GQ67_00615,MPP10
GQ67_00616,
GQ67_00617,PPS1
GQ67_00618,UBA4
GQ67_00619,ERP5
GQ67_00620,UTP18
GQ67_00621,YJR054W
GQ67_00622,
GQ67_00623,
GQ67_00624,MMS2
GQ67_00625,SOM1
GQ67_00626,ORC4
GQ67_00627,YLR456W
GQ67_00628,VPS4
GQ67_00629,YJR096W
GQ67_00630,PEP3
GQ67_00631,YMR253C
GQ67_00632,DPH5
GQ67_00633,
GQ67_00634,
GQ67_00635,ILV6
GQ67_00636,IDP2
GQ67_00637,YLR253W
GQ67_00638,HAP1
GQ67_00639,YDR026C
GQ67_00640,RPS11A
GQ67_00641,TUS1
GQ67_00642,
GQ67_00643,TAF12
GQ67_00644,TDA5
GQ67_00645,SPC2
GQ67_00646,MAG2
GQ67_00647,CRN1
GQ67_00648,SEN1
GQ67_00649,URA4
GQ67_00650,DPH2
GQ67_00651,CNB1
GQ67_00652,
GQ67_00653,RPN13
GQ67_00654,
GQ67_00655,YLR422W
GQ67_00656,
GQ67_00657,SDS22
GQ67_00658,
GQ67_00659,SPP41
GQ67_00660,YLR419W
GQ67_00661,
GQ67_00663,DCN1
GQ67_00664,DIP2
GQ67_00665,
GQ67_00666,SNF4
GQ67_00667,YGL114W
GQ67_00668,
GQ67_00669,YNL134C
GQ67_00670,SNG1
GQ67_00671,POL5
GQ67_00672,MDL2
GQ67_00673,KAR9
GQ67_00674,DIM1
GQ67_00675,KEL3
GQ67_00676,LOS1
GQ67_00677,
GQ67_00678,RFC2
GQ67_00679,
GQ67_00680,MRPL27
GQ67_00681,
GQ67_00682,
GQ67_00683,YPL088W
GQ67_00684,
GQ67_00685,PEP1
GQ67_00686,
GQ67_00687,GFA1
GQ67_00688,YCG1
GQ67_00689,ERG27
GQ67_00690,FUS3
GQ67_00691,RAD26
GQ67_00692,PAC2
GQ67_00693,SAC6
GQ67_00694,
GQ67_00695,EMP24
GQ67_00696,GLC7
GQ67_00697,
GQ67_00698,
GQ67_00699,
GQ67_00700,
GQ67_00701,
GQ67_00702,SAK1
GQ67_00703,HBN1
GQ67_00704,ATG1
GQ67_00705,
GQ67_00706,RTT107
GQ67_00707,SEC17
GQ67_00708,
GQ67_00709,PSP2
GQ67_00710,
GQ67_00711,GAR1
GQ67_00712,
GQ67_00713,
GQ67_00714,
GQ67_00715,EDE1
GQ67_00716,
GQ67_00717,CCE1
GQ67_00718,
GQ67_00719,UTP7
GQ67_00720,RPN2
GQ67_00721,SER3
GQ67_00722,
GQ67_00723,
GQ67_00724,ADE17
GQ67_00725,FKS1
GQ67_00726,STO1
GQ67_00727,YMR124W
GQ67_00728,
GQ67_00729,CDC4
GQ67_00730,WWM1
GQ67_00731,
GQ67_00732,VTC2
GQ67_00733,
GQ67_00734,MIA40
GQ67_00735,
GQ67_00736,ATG17
GQ67_00737,MST1
GQ67_00738,CDC73
GQ67_00739,MDM31
GQ67_00740,
GQ67_00741,
GQ67_00742,NMD5
GQ67_00743,
GQ67_00744,TRP5
GQ67_00745,UTP9
GQ67_00746,
GQ67_00747,
GQ67_00748,MRPS17
GQ67_00749,HIS5
GQ67_00750,
GQ67_00751,NSL1
GQ67_00752,VMA11
GQ67_00753,RVB2
GQ67_00754,YPL236C
GQ67_00755,
GQ67_00756,MDJ2
GQ67_00757,HUT1
GQ67_00758,
GQ67_00759,LRO1
GQ67_00760,RIX1
GQ67_00761,PIS1
GQ67_00762,APC5
GQ67_00763,REV3
GQ67_00764,
GQ67_00765,TUM1
GQ67_00766,BST1
GQ67_00767,AXL2
GQ67_00768,
GQ67_00769,RAD14
GQ67_00770,YGL159W
GQ67_00771,RRG7
GQ67_00772,
GQ67_00773,SSY5
GQ67_00774,
GQ67_00775,SKI2
GQ67_00776,
GQ67_00777,AFG2
GQ67_00778,ECM19
GQ67_00779,
GQ67_00780,
GQ67_00781,PEX19
GQ67_00782,HEM1
GQ67_00783,
GQ67_00784,YMR034C
GQ67_00785,ARP9
GQ67_00786,
GQ67_00787,
GQ67_00788,MSN4
GQ67_00789,NNF1
GQ67_00790,NSA1
GQ67_00791,CUE3
GQ67_00792,
GQ67_00793,
GQ67_00794,RPL28
GQ67_00795,YBR241C
GQ67_00796,
GQ67_00797,DOM34
GQ67_00798,ARC1
GQ67_00799,ERT1
GQ67_00800,MLC1
GQ67_00801,RRT2
GQ67_00802,
GQ67_00803,RIB1
GQ67_00804,
GQ67_00805,YMR262W
GQ67_00806,TPS3
GQ67_00807,
GQ67_00808,TIF11
GQ67_00809,
GQ67_00810,YMR259C
GQ67_00811,DYN1
GQ67_00812,ROY1
GQ67_00813,PSH1
GQ67_00814,
GQ67_00815,
GQ67_00816,DAL2
GQ67_00817,YGR127W
GQ67_00818,STR2
GQ67_00819,MNS1
GQ67_00820,MF(ALPHA)1
GQ67_00821,
GQ67_00822,CTF8
GQ67_00823,
GQ67_00824,
GQ67_00825,
GQ67_00827,CAT8
GQ67_00828,CMD1
GQ67_00829,ALG1
GQ67_00830,SPE3
GQ67_00831,YSA1
GQ67_00832,CYC8
GQ67_00833,MED1
GQ67_00834,COQ5
GQ67_00835,
GQ67_00836,FLC2
GQ67_00837,ACS1
GQ67_00838,CDC19
GQ67_00839,
GQ67_00840,URK1
GQ67_00841,
GQ67_00842,PGM3
GQ67_00843,VAN1
GQ67_00844,EMP70
GQ67_00845,TRS85
GQ67_00846,
GQ67_00847,FOX2
GQ67_00848,
GQ67_00849,PUS9
GQ67_00850,ROT2
GQ67_00851,CTR2
GQ67_00852,RPS17B
GQ67_00853,ADA2
GQ67_00854,UTP6
GQ67_00855,PSP1
GQ67_00856,YML6
GQ67_00857,RPS18B
GQ67_00858,YOX1
GQ67_00859,FAA1
GQ67_00860,CLD1
GQ67_00861,FET3
GQ67_00862,APM3
GQ67_00863,VPS17
GQ67_00864,
GQ67_00865,
GQ67_00866,ARP10
GQ67_00867,TMS1
GQ67_00868,TGL2
GQ67_00869,SIP3
GQ67_00870,MRPL17
GQ67_00871,ERV46
GQ67_00872,RAD3
GQ67_00873,YJR141W
GQ67_00874,HIR3
GQ67_00875,
GQ67_00876,PRR1
GQ67_00877,YJR098C
GQ67_00878,
GQ67_00879,
GQ67_00880,
GQ67_00881,PRP39
GQ67_00882,RAD7
GQ67_00883,BFA1
GQ67_00884,YBR053C
GQ67_00885,HIT1
GQ67_00886,
GQ67_00887,
GQ67_00888,GDB1
GQ67_00889,SKI3
GQ67_00890,
GQ67_00891,
GQ67_00892,
GQ67_00893,ATG13
GQ67_00894,RPC82
GQ67_00895,QCR2
GQ67_00896,
GQ67_00897,GAB1
GQ67_00898,HDA3
GQ67_00899,
GQ67_00900,AOS1
GQ67_00901,PRP4
GQ67_00902,OXP1
GQ67_00903,
GQ67_00904,
GQ67_00905,ISN1
GQ67_00906,VTC4
GQ67_00907,
GQ67_00909,MRPL10
GQ67_00910,SMC4
GQ67_00911,APL6
GQ67_00912,SSD1
GQ67_00913,PAM18
GQ67_00914,RLP24
GQ67_00915,
GQ67_00916,
GQ67_00917,
GQ67_00918,PPR1
GQ67_00919,PUT2
GQ67_00920,MEF1
GQ67_00921,CHA1
GQ67_00922,LSC2
GQ67_00923,
GQ67_00924,
GQ67_00925,YAP1801
GQ67_00926,
GQ67_00927,CDH1
GQ67_00928,CCT3
GQ67_00929,PCT1
GQ67_00930,JIP5
GQ67_00932,RIM9
GQ67_00933,YGR237C
GQ67_00934,
GQ67_00935,
GQ67_00936,OCA2
GQ67_00937,POR1
GQ67_00938,MEP1
GQ67_00939,
GQ67_00940,RPA190
GQ67_00941,NUP145
GQ67_00942,NBP35
GQ67_00943,ISW1
GQ67_00944,HYR1
GQ67_00945,ESS1
GQ67_00946,APE2
GQ67_00947,NOP2
GQ67_00948,
GQ67_00949,
GQ67_00950,EAF7
GQ67_00951,FPR1
GQ67_00952,
GQ67_00953,NCS2
GQ67_00954,
GQ67_00955,TOM70
GQ67_00956,
GQ67_00957,YNL122C
GQ67_00958,NMA111
GQ67_00959,
GQ67_00960,
GQ67_00961,SET1
GQ67_00962,
GQ67_00963,
GQ67_00964,NDT80
GQ67_00965,KRE33
GQ67_00966,NRK1
GQ67_00967,YHR122W
GQ67_00968,
GQ67_00969,TOM22
GQ67_00970,CRC1
GQ67_00971,SPC98
GQ67_00972,FAR11
GQ67_00973,LSM12
GQ67_00974,TEP1
GQ67_00975,
GQ67_00976,
GQ67_00977,POL1
GQ67_00978,
GQ67_00979,ACE2
GQ67_00980,RSR1
GQ67_00982,OST2
GQ67_00983,OCA1
GQ67_00984,COX20
GQ67_00985,AVT4
GQ67_00986,
GQ67_00987,RPN11
GQ67_00988,SAD1
GQ67_00989,MCM5
GQ67_00990,
GQ67_00991,TAL1
GQ67_00992,YGR042W
GQ67_00993,AIM45
GQ67_00994,YFH7
GQ67_00995,
GQ67_00996,
GQ67_00997,AUR1
GQ67_00998,ADE13
GQ67_00999,ARC40
GQ67_01000,YGR026W
GQ67_01001,RPS25A
GQ67_01002,NUP2
GQ67_01003,
GQ67_01004,MDJ1
GQ67_01005,
GQ67_01006,
GQ67_01007,ABP1
GQ67_01008,YOR059C
GQ67_01009,ERG8
GQ67_01010,TYR1
GQ67_01011,ARL1
GQ67_01012,YPL109C
GQ67_01013,GDE1
GQ67_01014,RDL2
GQ67_01015,YDR131C
GQ67_01016,BNA1
GQ67_01017,STE13
GQ67_01018,RPB8
GQ67_01019,RAD28
GQ67_01020,
GQ67_01021,SMC3
GQ67_01022,GCV1
GQ67_01023,YDR109C
GQ67_01024,BUR6
GQ67_01025,COQ6
GQ67_01026,FOL1
GQ67_01027,GIS2
GQ67_01028,RTC4
GQ67_01029,PDR15
GQ67_01030,MEC1
GQ67_01031,
GQ67_01032,HSL7
GQ67_01033,TAF2
GQ67_01034,PDA1
GQ67_01035,CYC3
GQ67_01036,
GQ67_01037,CUE5
GQ67_01038,CYT2
GQ67_01039,
GQ67_01040,
GQ67_01041,CAR1
GQ67_01042,MGS1
GQ67_01043,HMO1
GQ67_01044,
GQ67_01045,
GQ67_01046,RSM24
GQ67_01047,NGG1
GQ67_01048,
GQ67_01049,SDH4
GQ67_01050,
GQ67_01052,OGG1
GQ67_01053,
GQ67_01054,
GQ67_01055,YKL027W
GQ67_01056,SSU1
GQ67_01057,MRP13
GQ67_01058,GCD2
GQ67_01059,RTS1
GQ67_01060,SYM1
GQ67_01061,PXA2
GQ67_01062,RRD1
GQ67_01063,YJL171C
GQ67_01064,NUP192
GQ67_01065,
GQ67_01066,POT1
GQ67_01067,VPS33
GQ67_01068,IKI3
GQ67_01069,SUB1
GQ67_01070,MNR2
GQ67_01071,HOF1
GQ67_01072,
GQ67_01073,RPS20
GQ67_01074,
GQ67_01075,
GQ67_01076,MGT1
GQ67_01077,FLO11-MUC1
GQ67_01078,
GQ67_01080,YDC1
GQ67_01081,SGF11
GQ67_01082,SEN54
GQ67_01083,MTG1
GQ67_01084,ASP3-4
GQ67_01085,CKB2
GQ67_01086,HIR2
GQ67_01087,MSW1
GQ67_01088,YPT35
GQ67_01089,TRR1
GQ67_01090,CRM1
GQ67_01091,
GQ67_01092,IMP3
GQ67_01093,MRPL6
GQ67_01094,MRPL9
GQ67_01095,
GQ67_01096,
GQ67_01097,THS1
GQ67_01098,YIL077C
GQ67_01099,
GQ67_01100,
GQ67_01101,PPM1
GQ67_01102,
GQ67_01103,AXL1
GQ67_01104,
GQ67_01105,HMG1
GQ67_01106,FPR3
GQ67_01107,
GQ67_01108,COG8
GQ67_01109,VMA6
GQ67_01110,
GQ67_01111,
GQ67_01112,
GQ67_01113,MSS51
GQ67_01114,USA1
GQ67_01115,TSA1
GQ67_01116,GUK1
GQ67_01117,PTH2
GQ67_01118,
GQ67_01119,PTC2
GQ67_01120,YBL055C
GQ67_01122,TOD6
GQ67_01123,SAS3
GQ67_01124,TRM12
GQ67_01125,PIN4
GQ67_01126,AIM10
GQ67_01127,
GQ67_01128,PEX13
GQ67_01129,
GQ67_01130,
GQ67_01131,SAM50
GQ67_01132,CAB2
GQ67_01133,UBP1
GQ67_01134,
GQ67_01135,CRZ1
GQ67_01136,SDS3
GQ67_01137,KTR5
GQ67_01138,
GQ67_01139,
GQ67_01140,
GQ67_01141,SIW14
GQ67_01142,UTP25
GQ67_01143,ICE2
GQ67_01144,SSN8
GQ67_01145,LAC1
GQ67_01146,
GQ67_01147,
GQ67_01148,GPI15
GQ67_01149,BDP1
GQ67_01150,YNL035C
GQ67_01151,CWC2
GQ67_01152,PRP28
GQ67_01153,PEX5
GQ67_01154,MNN10
GQ67_01155,SWI1
GQ67_01156,RAD1
GQ67_01157,
GQ67_01158,RMI1
GQ67_01159,TRS23
GQ67_01160,VHS1
GQ67_01161,
GQ67_01162,
GQ67_01163,SHB17
GQ67_01164,
GQ67_01165,
GQ67_01166,APM4
GQ67_01167,PRS5
GQ67_01168,RTK1
GQ67_01169,
GQ67_01170,MAM3
GQ67_01171,NAP1
GQ67_01172,
GQ67_01173,RSM25
GQ67_01174,FAP1
GQ67_01175,LYS12
GQ67_01176,YNL022C
GQ67_01177,JHD2
GQ67_01178,ATP2
GQ67_01179,STE24
GQ67_01180,SRB4
GQ67_01181,YDL144C
GQ67_01182,ADO1
GQ67_01183,TDA4
GQ67_01184,AVT6
GQ67_01185,MRP21
GQ67_01186,MAP2
GQ67_01187,SCS2
GQ67_01188,LCL2
GQ67_01189,SEN2
GQ67_01190,STB1
GQ67_01191,PDC2
GQ67_01192,RFX1
GQ67_01193,SET6
GQ67_01194,SIS1
GQ67_01195,LST8
GQ67_01196,CBF5
GQ67_01197,
GQ67_01198,
GQ67_01199,
GQ67_01200,MET13
GQ67_01201,BUD31
GQ67_01202,TRK2
GQ67_01203,URA2
GQ67_01204,SPT10
GQ67_01205,
GQ67_01206,
GQ67_01207,PTH1
GQ67_01208,CYS4
GQ67_01209,
GQ67_01210,DST1
GQ67_01211,RNA15
GQ67_01212,PTI1
GQ67_01213,SEC9
GQ67_01214,
GQ67_01215,CTA1
GQ67_01216,LCP5
GQ67_01217,NSA2
GQ67_01218,STH1
GQ67_01219,CCP1
GQ67_01220,PAM17
GQ67_01221,MNN11
GQ67_01222,
GQ67_01223,
GQ67_01224,IBA57
GQ67_01225,GON7
GQ67_01226,
GQ67_01227,ATP12
GQ67_01228,SSL2-like
GQ67_01229,
GQ67_01230,
GQ67_01231,BOR1
GQ67_01232,PER1
GQ67_01233,INO1
GQ67_01234,
GQ67_01235,GPD1
GQ67_01236,
GQ67_01237,ATG27
GQ67_01238,RPL17B
GQ67_01239,RMR1
GQ67_01240,
GQ67_01241,UTP30
GQ67_01242,
GQ67_01243,
GQ67_01244,YAK1
GQ67_01245,TPO5
GQ67_01246,SNU114
GQ67_01247,EBP2
GQ67_01248,ULP1
GQ67_01249,YME2
GQ67_01250,BEM2
GQ67_01251,CHS2
GQ67_01252,SEN34
GQ67_01253,YER156C
GQ67_01254,TVP23
GQ67_01255,
GQ67_01256,PUF4
GQ67_01257,YGR149W
GQ67_01258,ARF1
GQ67_01259,MRPS5
GQ67_01260,
GQ67_01261,
GQ67_01262,PHO8
GQ67_01263,RPA34
GQ67_01264,
GQ67_01265,TIM50
GQ67_01266,AIF1
GQ67_01267,
GQ67_01268,ARL3
GQ67_01269,YER010C
GQ67_01270,SFH5
GQ67_01271,
GQ67_01272,MCD4
GQ67_01273,ABZ1
GQ67_01274,IMG2
GQ67_01275,YEL1
GQ67_01276,PUP3
GQ67_01277,CMC2
GQ67_01278,MTC1
GQ67_01279,
GQ67_01280,NIT2
GQ67_01281,ARP5
GQ67_01282,SRV2
GQ67_01283,YDJ1
GQ67_01284,AQR1
GQ67_01285,
GQ67_01286,
GQ67_01287,AYR1
GQ67_01288,GDT1
GQ67_01289,
GQ67_01290,MOT1
GQ67_01291,PFK26
GQ67_01292,YNK1
GQ67_01293,
GQ67_01294,
GQ67_01295,
GQ67_01296,BUD20
GQ67_01297,RPL10
GQ67_01298,SEC53
GQ67_01299,FMP32
GQ67_01300,FMP25
GQ67_01301,BOS1
GQ67_01302,RSC1
GQ67_01303,
GQ67_01304,LPD1
GQ67_01305,
GQ67_01306,IMO32
GQ67_01307,UTP10
GQ67_01308,CDS1
GQ67_01309,
GQ67_01310,PHO2
GQ67_01311,EAR1
GQ67_01312,KIN28
GQ67_01313,
GQ67_01314,DUN1
GQ67_01315,CYK3
GQ67_01318,GPI10
GQ67_01319,PTK2
GQ67_01320,LAA1
GQ67_01321,ALG9
GQ67_01322,
GQ67_01323,PHO13
GQ67_01324,YPD1
GQ67_01325,VID27
GQ67_01326,RRG9
GQ67_01327,ATG20
GQ67_01328,ARC15
GQ67_01329,YML108W
GQ67_01330,SNP1
GQ67_01331,YBR220C
GQ67_01332,
GQ67_01333,
GQ67_01334,
GQ67_01335,PYC2
GQ67_01336,BUL1
GQ67_01337,
GQ67_01338,URA1
GQ67_01339,
GQ67_01340,YBL086C
GQ67_01341,
GQ67_01342,RHB1
GQ67_01343,HOS2
GQ67_01344,
GQ67_01345,SEC2
GQ67_01346,TOF1
GQ67_01348,PDR1
GQ67_01349,FET4
GQ67_01350,
GQ67_01351,
GQ67_01352,
GQ67_01353,
GQ67_01355,
GQ67_01356,
GQ67_01357,
GQ67_01358,
GQ67_01359,STB4
GQ67_01360,
GQ67_01361,
GQ67_01362,JLP1
GQ67_01363,
GQ67_01364,
GQ67_01365,
GQ67_01366,
GQ67_01367,STE6-like
GQ67_01368,
GQ67_01369,
GQ67_01371,
GQ67_01372,
GQ67_01373,
GQ67_01374,
GQ67_01375,
GQ67_01376,
GQ67_01377,
GQ67_01378,SKY1
GQ67_01379,SSE1
GQ67_01380,NPL4
GQ67_01381,YPL107W
GQ67_01382,GAS3
GQ67_01383,YPL066W
GQ67_01384,TOS1
GQ67_01385,
GQ67_01386,HHT2
GQ67_01387,GPI18
GQ67_01388,RPN12
GQ67_01389,CWC27
GQ67_01390,HSP42
GQ67_01391,
GQ67_01392,FLO11-BSC1
GQ67_01393,
GQ67_01394,
GQ67_01395,
GQ67_01396,NPC2
GQ67_01397,PFK27
GQ67_01398,PFS2
GQ67_01399,
GQ67_01400,PCK1
GQ67_01401,YEN1
GQ67_01402,
GQ67_01403,
GQ67_01404,DSS1
GQ67_01405,SGS1
GQ67_01406,
GQ67_01407,YPL247C
GQ67_01408,GCV2
GQ67_01409,TEF1
GQ67_01410,
GQ67_01411,
GQ67_01412,VPS27
GQ67_01413,ROT1
GQ67_01414,
GQ67_01415,
GQ67_01416,HFI1
GQ67_01417,
GQ67_01418,YAH1
GQ67_01419,AIM18
GQ67_01420,LCB1
GQ67_01421,DSS4
GQ67_01422,RDH54
GQ67_01423,GAL4
GQ67_01424,SPG5
GQ67_01425,GYP5
GQ67_01426,MRPL24
GQ67_01427,RPL36A
GQ67_01428,
GQ67_01429,YMR090W
GQ67_01430,
GQ67_01431,JIP4
GQ67_01432,
GQ67_01433,RSA1
GQ67_01434,FMP37
GQ67_01435,DDC1
GQ67_01436,APL5
GQ67_01437,KXD1
GQ67_01438,
GQ67_01439,YMR315W
GQ67_01440,
GQ67_01441,
GQ67_01442,ENT3
GQ67_01443,CPR3
GQ67_01444,VPS70
GQ67_01445,DUS1
GQ67_01446,BIO3
GQ67_01449,
GQ67_01450,YHM2
GQ67_01451,SOG2
GQ67_01452,
GQ67_01453,YLR031W
GQ67_01454,
GQ67_01455,MYO2
GQ67_01456,SNC2
GQ67_01457,YAL044W-A
GQ67_01458,GCV3
GQ67_01459,PDE2
GQ67_01460,VTS1
GQ67_01461,YKT6
GQ67_01462,IES1
GQ67_01463,BAG7
GQ67_01464,CSF1
GQ67_01465,GAA1
GQ67_01466,
GQ67_01467,PHO81
GQ67_01468,MRPL28
GQ67_01469,
GQ67_01470,
GQ67_01471,YJL218W
GQ67_01472,CGI121
GQ67_01473,PFA5
GQ67_01474,AMD1
GQ67_01475,SRC1
GQ67_01476,RKR1
GQ67_01477,
GQ67_01478,ELF1
GQ67_01479,CIC1
GQ67_01480,RCN1
GQ67_01481,MHP1
GQ67_01482,GYP6
GQ67_01483,ALG2
GQ67_01484,SGF73
GQ67_01485,NPL6
GQ67_01486,YTA12
GQ67_01487,
GQ67_01488,
GQ67_01489,OSH6
GQ67_01490,PAP1
GQ67_01491,
GQ67_01492,VPS1
GQ67_01493,MTC2
GQ67_01494,
GQ67_01495,AIP1
GQ67_01496,UTP15
GQ67_01497,YAP3
GQ67_01498,ATP25
GQ67_01499,KTI12
GQ67_01500,
GQ67_01501,
GQ67_01502,MSH2
GQ67_01503,RAD27
GQ67_01504,MIS1
GQ67_01505,YKR096W
GQ67_01506,
GQ67_01507,TAE1
GQ67_01508,
GQ67_01509,
GQ67_01510,IKS1
GQ67_01511,YPT10
GQ67_01512,
GQ67_01513,POP8
GQ67_01514,
GQ67_01515,LAS17
GQ67_01516,
GQ67_01517,
GQ67_01518,BMT3
GQ67_01519,
GQ67_01520,YCF1
GQ67_01521,DOA1
GQ67_01522,SAC1
GQ67_01523,
GQ67_01524,MIR1
GQ67_01525,SMD3
GQ67_01526,SEO1
GQ67_01527,
GQ67_01529,APE3
GQ67_01530,SHG1
GQ67_01531,
GQ67_01532,ARO8
GQ67_01533,
GQ67_01534,VPS8
GQ67_01535,
GQ67_01536,ERG26
GQ67_01537,NUP60
GQ67_01538,YGR001C
GQ67_01539,CAN1
GQ67_01540,
GQ67_01541,GUS1
GQ67_01542,RMD8
GQ67_01543,
GQ67_01544,KAP114
GQ67_01545,MOT2
GQ67_01546,
GQ67_01547,PRP43
GQ67_01548,COQ8
GQ67_01549,YGL140C
GQ67_01550,NAB2
GQ67_01551,RPS2
GQ67_01552,
GQ67_01554,
GQ67_01555,
GQ67_01556,GCW14
GQ67_01557,UBP3
GQ67_01558,FLO9
GQ67_01559,
GQ67_01561,
GQ67_01562,
GQ67_01563,YER152C
GQ67_01564,
GQ67_01565,OXA1
GQ67_01566,
GQ67_01567,
GQ67_01568,RAD30
GQ67_01569,
GQ67_01570,
GQ67_01571,GEP4
GQ67_01572,TRA1
GQ67_01573,
GQ67_01574,
GQ67_01575,PIL1
GQ67_01577,
GQ67_01578,PRE4
GQ67_01579,PDE1
GQ67_01580,
GQ67_01581,
GQ67_01582,MSS1
GQ67_01583,
GQ67_01584,
GQ67_01585,
GQ67_01586,
GQ67_01587,
GQ67_01588,TAH18
GQ67_01589,MSF1
GQ67_01590,MRPL16
GQ67_01591,RFC5
GQ67_01592,ATG11
GQ67_01593,YBR096W
GQ67_01594,
GQ67_01595,ADE6
GQ67_01596,
GQ67_01597,MPH1
GQ67_01598,
GQ67_01599,
GQ67_01600,CHC1
GQ67_01601,
GQ67_01602,MRI1
GQ67_01603,
GQ67_01604,
GQ67_01605,
GQ67_01606,ESP1
GQ67_01607,
GQ67_01608,ESF2
GQ67_01609,POX1
GQ67_01610,
GQ67_01611,MRPS35
GQ67_01612,NIF3
GQ67_01613,CTF3
GQ67_01614,SMC6
GQ67_01615,NAM2
GQ67_01616,CDC24
GQ67_01618,CSR1
GQ67_01619,
GQ67_01620,
GQ67_01621,SOK2
GQ67_01622,SPT16
GQ67_01623,
GQ67_01624,CHZ1
GQ67_01625,SMB1
GQ67_01626,
GQ67_01627,
GQ67_01628,GUD1
GQ67_01629,SSU72
GQ67_01630,ATG4
GQ67_01631,SQS1
GQ67_01632,
GQ67_01633,JJJ1
GQ67_01634,
GQ67_01635,POP1
GQ67_01636,SUT2
GQ67_01637,
GQ67_01638,YNL247W
GQ67_01639,
GQ67_01640,
GQ67_01641,STE23
GQ67_01642,
GQ67_01643,VAC14
GQ67_01644,REH1
GQ67_01645,TSR1
GQ67_01646,VPS35
GQ67_01647,LAS1
GQ67_01648,SKI8
GQ67_01649,
GQ67_01650,MDM34
GQ67_01651,GAL83
GQ67_01652,KIP3
GQ67_01653,STT3
GQ67_01654,GSH2
GQ67_01655,RRT8
GQ67_01656,LAP3
GQ67_01657,NOP12
GQ67_01658,DEP1
GQ67_01659,RPS15
GQ67_01660,
GQ67_01661,CYS3
GQ67_01662,
GQ67_01663,AIM9
GQ67_01664,YMR118C
GQ67_01665,YAP7
GQ67_01666,MRPL31
GQ67_01667,SPC24
GQ67_01668,CMC1
GQ67_01669,ZPR1
GQ67_01670,
GQ67_01671,NAS6
GQ67_01672,PHB2
GQ67_01673,
GQ67_01674,DIE2
GQ67_01675,MTC6
GQ67_01676,AMA1
GQ67_01677,
GQ67_01678,FRE8
GQ67_01679,RPS0A
GQ67_01680,GPI1
GQ67_01681,
GQ67_01682,
GQ67_01683,PCI8
GQ67_01684,YER077C
GQ67_01690,ATP3
GQ67_01691,GIP1
GQ67_01692,SES1
GQ67_01693,
GQ67_01694,
GQ67_01695,
GQ67_01696,
GQ67_01697,MLS1
GQ67_01698,ILV3
GQ67_01699,PPM2
GQ67_01700,FIG4
GQ67_01701,RRP40
GQ67_01702,RTT105
GQ67_01703,
GQ67_01704,
GQ67_01705,SEC6
GQ67_01706,KIN3
GQ67_01707,ADE1
GQ67_01708,
GQ67_01709,ALG13
GQ67_01710,
GQ67_01711,
GQ67_01712,
GQ67_01713,
GQ67_01714,
GQ67_01715,RTC1
GQ67_01716,
GQ67_01717,
GQ67_01718,
GQ67_01719,STE5
GQ67_01720,
GQ67_01721,
GQ67_01722,
GQ67_01723,SPO71
GQ67_01724,SPT21
GQ67_01725,PEX7
GQ67_01726,GEA2
GQ67_01728,FLR1
GQ67_01731,MCA1
GQ67_01732,IDI1
GQ67_01733,BFR1
GQ67_01734,YMR310C
GQ67_01735,BGL2
GQ67_01736,LIP5
GQ67_01737,BEM3
GQ67_01738,RIM2
GQ67_01739,RPL21B
GQ67_01740,RPS9A
GQ67_01741,LYS21
GQ67_01742,
GQ67_01743,MOB1
GQ67_01744,SLM1
GQ67_01745,ALG11
GQ67_01746,
GQ67_01747,WSC3
GQ67_01748,PRP18
GQ67_01749,TFG2
GQ67_01750,PEX30
GQ67_01751,CWC24
GQ67_01752,
GQ67_01753,MNN4
GQ67_01754,NTA1
GQ67_01755,CBF1
GQ67_01756,COQ9
GQ67_01757,YKE2
GQ67_01758,PBA1
GQ67_01759,NOP56
GQ67_01760,UGX2
GQ67_01761,UGA3
GQ67_01762,UPS1
GQ67_01763,YNL011C
GQ67_01764,
GQ67_01765,DTD1
GQ67_01766,
GQ67_01767,DUG3
GQ67_01768,TIM22
GQ67_01769,VPS38
GQ67_01770,
GQ67_01771,MEP2
GQ67_01772,AIM17
GQ67_01774,SNZ2
GQ67_01775,SNO1
GQ67_01776,
GQ67_01777,CKI1
GQ67_01778,YLL032C
GQ67_01779,
GQ67_01780,NPR3
GQ67_01781,SAT4
GQ67_01782,RVS161
GQ67_01783,
GQ67_01784,
GQ67_01785,GPI13
GQ67_01786,PIK1
GQ67_01788,PEF1
GQ67_01789,
GQ67_01790,CWC21
GQ67_01791,MSH3
GQ67_01792,FPK1
GQ67_01793,TRM112
GQ67_01794,
GQ67_01795,YCR090C
GQ67_01796,
GQ67_01797,
GQ67_01798,YLR050C
GQ67_01799,
GQ67_01800,
GQ67_01801,ERG3
GQ67_01802,CAF16
GQ67_01803,SPT8
GQ67_01804,
GQ67_01805,CAK1
GQ67_01806,YIL108W
GQ67_01807,
GQ67_01808,MCM6
GQ67_01809,RPB9
GQ67_01810,MNP1
GQ67_01811,TPK2
GQ67_01812,DBP10
GQ67_01813,DFG10
GQ67_01814,HRP1
GQ67_01815,TRM11
GQ67_01816,RPS19A
GQ67_01817,PAC10
GQ67_01818,YOL073C
GQ67_01819,PEX8
GQ67_01820,EMW1
GQ67_01821,
GQ67_01822,YOL057W
GQ67_01823,
GQ67_01824,ENP2
GQ67_01825,CWC22
GQ67_01826,PLP2
GQ67_01827,
GQ67_01828,
GQ67_01829,AGE2
GQ67_01830,
GQ67_01831,GCN4
GQ67_01832,ICL1
GQ67_01833,
GQ67_01834,VHR1
GQ67_01835,THO1
GQ67_01836,
GQ67_01837,
GQ67_01838,
GQ67_01839,
GQ67_01840,
GQ67_01841,
GQ67_01842,STN1
GQ67_01843,RRP8
GQ67_01844,UBC12
GQ67_01845,
GQ67_01846,
GQ67_01847,PMR1
GQ67_01848,RPA135
GQ67_01849,THG1
GQ67_01850,STB5
GQ67_01851,YPL014W
GQ67_01852,MRPS16
GQ67_01853,RRP12
GQ67_01854,TAF3
GQ67_01855,RET3
GQ67_01856,TAE2
GQ67_01857,HST2
GQ67_01858,ERG20
GQ67_01859,
GQ67_01860,NNK1
GQ67_01861,SDA1
GQ67_01862,ATG7
GQ67_01863,SWI3
GQ67_01864,COY1
GQ67_01865,
GQ67_01866,YPL041C
GQ67_01867,SSN3
GQ67_01868,ERG10
GQ67_01869,YDR248C
GQ67_01870,HEM3
GQ67_01871,CMK2
GQ67_01872,
GQ67_01873,DRE2
GQ67_01874,NDE1
GQ67_01875,
GQ67_01876,
GQ67_01877,SEC7
GQ67_01878,STM1
GQ67_01879,STB3
GQ67_01880,FAS2
GQ67_01881,SSO2
GQ67_01882,ARG82
GQ67_01883,PGK1
GQ67_01884,
GQ67_01885,
GQ67_01886,
GQ67_01887,
GQ67_01888,
GQ67_01889,HCM1
GQ67_01890,URB1
GQ67_01891,
GQ67_01892,
GQ67_01893,
GQ67_01894,HHO1
GQ67_01895,TBF1
GQ67_01896,ZRG17
GQ67_01897,PPG1
GQ67_01898,SSK2
GQ67_01899,KES1
GQ67_01900,RAI1
GQ67_01901,RSA4
GQ67_01902,DFR1
GQ67_01903,
GQ67_01904,FRK1
GQ67_01905,MGE1
GQ67_01906,MKK1
GQ67_01907,
GQ67_01908,RFC1
GQ67_01909,RUD3
GQ67_01910,AIM41
GQ67_01911,
GQ67_01912,TAF14
GQ67_01913,PGM2
GQ67_01914,ERB1
GQ67_01915,
GQ67_01916,CKA2
GQ67_01917,
GQ67_01918,
GQ67_01919,
GQ67_01920,
GQ67_01921,
GQ67_01922,MCH1
GQ67_01923,YNR062C
GQ67_01924,YNR063W
GQ67_01925,PDX1
GQ67_01926,MET3
GQ67_01927,
GQ67_01928,RRT12
GQ67_01929,ACC1
GQ67_01930,TIM23
GQ67_01931,SMM1
GQ67_01932,SMF2
GQ67_01933,SSL1
GQ67_01934,
GQ67_01935,ILV1
GQ67_01936,DCW1
GQ67_01937,AIM38
GQ67_01938,RPL34A
GQ67_01939,
GQ67_01940,PCL7
GQ67_01941,HIS1
GQ67_01942,NEO1
GQ67_01943,SYG1
GQ67_01944,SEC31
GQ67_01945,GUF1
GQ67_01946,
GQ67_01947,
GQ67_01948,YLR283W
GQ67_01949,ECI1
GQ67_01950,
GQ67_01951,ERV14
GQ67_01952,
GQ67_01953,
GQ67_01954,MET8
GQ67_01955,BDF1
GQ67_01959,
GQ67_01960,ARO4
GQ67_01961,YBR271W
GQ67_01962,PSF2
GQ67_01963,ARG2
GQ67_01964,
GQ67_01965,PUS1
GQ67_01966,NIP7
GQ67_01967,SRP72
GQ67_01968,MRH4
GQ67_01969,IPL1
GQ67_01971,FMP52
GQ67_01972,PRP16
GQ67_01973,GRX5
GQ67_01974,LPX1
GQ67_01975,
GQ67_01976,SSL2
GQ67_01977,TID3
GQ67_01978,TAM41
GQ67_01979,SIF2
GQ67_01980,
GQ67_01981,MRPL20
GQ67_01982,PAN6
GQ67_01983,CDC16
GQ67_01984,HSV2
GQ67_01985,YPR003C
GQ67_01986,TPO1
GQ67_01987,BUD14
GQ67_01988,CDC7
GQ67_01989,SUV3
GQ67_01990,YJL163C
GQ67_01991,YJR107W
GQ67_01992,YHB1
GQ67_01993,SEC11
GQ67_01994,PRP40
GQ67_01995,ARC19
GQ67_01996,DAL81
GQ67_01997,
GQ67_01998,SPT15
GQ67_01999,TAF10
GQ67_02000,NMA1
GQ67_02001,SPO11
GQ67_02002,RCR2
GQ67_02003,
GQ67_02004,
GQ67_02005,
GQ67_02006,HMI1
GQ67_02007,YKR018C
GQ67_02008,AHP1
GQ67_02009,YKR017C
GQ67_02010,
GQ67_02011,MRPL51
GQ67_02012,
GQ67_02013,ARP4
GQ67_02014,YPR098C
GQ67_02015,PUN1
GQ67_02017,
GQ67_02018,GZF3
GQ67_02019,DID2
GQ67_02020,
GQ67_02021,
GQ67_02022,RKM3
GQ67_02023,
GQ67_02024,BIK1
GQ67_02025,HIS4
GQ67_02026,RTT103
GQ67_02027,CLC1
GQ67_02028,
GQ67_02029,
GQ67_02030,GAL11
GQ67_02031,RAD16
GQ67_02032,LYS2
GQ67_02033,
GQ67_02034,LTP1
GQ67_02035,TKL1
GQ67_02036,TSC10
GQ67_02037,AIM5
GQ67_02038,MRPL8
GQ67_02039,
GQ67_02040,POL32
GQ67_02041,
GQ67_02042,DUG2
GQ67_02043,BUD16
GQ67_02044,LSB6
GQ67_02045,MCM4
GQ67_02046,THI22
GQ67_02047,ECM1
GQ67_02048,
GQ67_02049,
GQ67_02050,YAR1
GQ67_02051,
GQ67_02052,SUI3
GQ67_02053,SRP68
GQ67_02054,PEX6
GQ67_02055,MCH2
GQ67_02056,
GQ67_02057,HSP82
GQ67_02058,
GQ67_02059,IQG1
GQ67_02060,PFA3
GQ67_02061,RPD3
GQ67_02062,POS5
GQ67_02063,YMR027W
GQ67_02064,MPE1
GQ67_02065,
GQ67_02066,TAP42
GQ67_02067,MSL1
GQ67_02068,PRP22
GQ67_02069,PRE1
GQ67_02070,
GQ67_02071,TSR3
GQ67_02072,YML002W
GQ67_02073,SGT2
GQ67_02074,
GQ67_02075,NFU1
GQ67_02076,RRP6
GQ67_02078,CDC25
GQ67_02079,RMT2
GQ67_02080,IMH1
GQ67_02081,DIA4
GQ67_02082,
GQ67_02083,
GQ67_02084,EDC3
GQ67_02085,PTR3
GQ67_02086,
GQ67_02087,
GQ67_02088,
GQ67_02089,
GQ67_02090,
GQ67_02091,GTR2
GQ67_02092,CHO2
GQ67_02093,MTR3
GQ67_02094,SNL1
GQ67_02095,TPO3
GQ67_02096,VID28
GQ67_02097,
GQ67_02098,YGR210C
GQ67_02099,
GQ67_02102,ARP7
GQ67_02103,
GQ67_02104,BNA2
GQ67_02105,
GQ67_02106,CDC14
GQ67_02107,FAT1
GQ67_02108,
GQ67_02109,QDR3
GQ67_02110,FIG1
GQ67_02111,
GQ67_02112,
GQ67_02113,YAT1
GQ67_02114,YGL176C
GQ67_02115,AHA1
GQ67_02116,SOD2
GQ67_02117,PKH3
GQ67_02118,YBL107C
GQ67_02119,SAF1
GQ67_02120,SRO7
GQ67_02121,HFD1
GQ67_02122,MED11
GQ67_02123,
GQ67_02124,
GQ67_02125,
GQ67_02126,YKL133C
GQ67_02127,YMR114C
GQ67_02128,NRD1
GQ67_02129,CIR2
GQ67_02130,GDS1
GQ67_02131,
GQ67_02132,
GQ67_02133,YLF2
GQ67_02134,OTU2
GQ67_02135,BRR2
GQ67_02137,KTR4
GQ67_02138,HOM6
GQ67_02139,RBD2
GQ67_02141,PFK2
GQ67_02142,
GQ67_02143,HEK2
GQ67_02144,YLR224W
GQ67_02145,SBA1
GQ67_02146,YMR099C
GQ67_02147,FET5
GQ67_02148,FTR1
GQ67_02149,
GQ67_02150,
GQ67_02151,
GQ67_02152,
GQ67_02153,KCC4
GQ67_02154,
GQ67_02155,
GQ67_02156,MGM101
GQ67_02157,NUM1
GQ67_02158,KHA1
GQ67_02159,SLM3
GQ67_02160,
GQ67_02161,
GQ67_02162,COF1
GQ67_02163,
GQ67_02164,YFH1
GQ67_02165,SED5
GQ67_02166,SNF7
GQ67_02167,RPO41
GQ67_02168,MOB2
GQ67_02169,APC1
GQ67_02170,PSD1
GQ67_02171,YMR244C-A
GQ67_02172,PPN1
GQ67_02173,
GQ67_02174,RIA1
GQ67_02175,CHS7
GQ67_02176,PRC1
GQ67_02177,TAF1
GQ67_02178,
GQ67_02179,
GQ67_02180,YDL156W
GQ67_02181,APL2
GQ67_02182,FOL3
GQ67_02183,STE7
GQ67_02184,DHH1
GQ67_02185,
GQ67_02186,COX16
GQ67_02187,YCR087C-A
GQ67_02188,CSM1
GQ67_02189,MVD1
GQ67_02190,MSS4
GQ67_02191,
GQ67_02192,MRP7
GQ67_02193,SGF29
GQ67_02194,
GQ67_02195,BUD3
GQ67_02196,DCC1
GQ67_02197,PST2
GQ67_02198,PDX3
GQ67_02199,LYS1
GQ67_02200,MAK11
GQ67_02202,
GQ67_02203,
GQ67_02204,UTP20
GQ67_02205,NHP10
GQ67_02206,
GQ67_02207,
GQ67_02208,RPS8B
GQ67_02209,UBC6
GQ67_02210,PRS4
GQ67_02211,UBP13
GQ67_02213,RME1
GQ67_02214,
GQ67_02215,ILV5
GQ67_02216,ATG33
GQ67_02217,ADE4
GQ67_02218,
GQ67_02219,YOR283W
GQ67_02220,MRPL13
GQ67_02221,IMD2
GQ67_02222,SRT1
GQ67_02223,VPH2
GQ67_02224,DAL82
GQ67_02226,SHY1
GQ67_02227,CHO1
GQ67_02228,EHT1
GQ67_02229,
GQ67_02230,
GQ67_02231,
GQ67_02232,ECM2
GQ67_02233,YDR476C
GQ67_02234,LOC1
GQ67_02235,
GQ67_02236,
GQ67_02237,ERG24
GQ67_02238,KAP123
GQ67_02239,
GQ67_02240,RGI2
GQ67_02241,
GQ67_02242,YHR140W
GQ67_02243,
GQ67_02244,FYV8
GQ67_02245,
GQ67_02246,YMC1-like
GQ67_02247,MPS3
GQ67_02248,
GQ67_02249,PDR5
GQ67_02250,HIS2
GQ67_02251,
GQ67_02252,NPP1
GQ67_02253,YEL020C
GQ67_02254,
GQ67_02255,
GQ67_02256,
GQ67_02257,
GQ67_02258,
GQ67_02259,
GQ67_02260,
GQ67_02261,YFL040W
GQ67_02262,
GQ67_02263,FMO1
GQ67_02264,
GQ67_02265,
GQ67_02266,YCT1
GQ67_02267,
GQ67_02268,
GQ67_02269,
GQ67_02271,KAP104
GQ67_02272,
GQ67_02273,
GQ67_02274,
GQ67_02275,
GQ67_02276,
GQ67_02277,PHM7
GQ67_02278,IPP1
GQ67_02279,TRP1
GQ67_02280,RFC4
GQ67_02281,VPS52
GQ67_02282,
GQ67_02283,HMT1
GQ67_02284,
GQ67_02285,GLC3
GQ67_02286,
GQ67_02287,
GQ67_02288,PAM16
GQ67_02289,
GQ67_02290,YKR023W
GQ67_02291,IME2
GQ67_02293,
GQ67_02294,PRM10
GQ67_02295,SCP160
GQ67_02296,YFR016C
GQ67_02297,
GQ67_02298,CDC34
GQ67_02299,SLM4
GQ67_02300,DBF4
GQ67_02301,
GQ67_02302,BIO2
GQ67_02304,PNG1
GQ67_02305,PEA2
GQ67_02306,TPS2
GQ67_02307,APN2
GQ67_02308,CGR1
GQ67_02309,SEC13
GQ67_02310,
GQ67_02311,
GQ67_02312,YIL067C
GQ67_02313,
GQ67_02314,LHS1
GQ67_02315,
GQ67_02316,BUB2
GQ67_02317,
GQ67_02318,RGP1
GQ67_02319,RPP0
GQ67_02320,RSN1
GQ67_02321,PPA2
GQ67_02322,NUP188
GQ67_02323,PRP24
GQ67_02324,TMA23
GQ67_02326,DBP5
GQ67_02327,
GQ67_02328,YKR070W
GQ67_02330,MET1
GQ67_02331,ETT1
GQ67_02332,BET3
GQ67_02333,GPT2
GQ67_02334,YIF1
GQ67_02335,POL2
GQ67_02336,
GQ67_02337,
GQ67_02338,
GQ67_02339,
GQ67_02340,
GQ67_02341,
GQ67_02342,ARD1
GQ67_02343,TRS31
GQ67_02344,
GQ67_02345,AHC1
GQ67_02346,YOR021C
GQ67_02347,YOR022C
GQ67_02348,AIM31
GQ67_02349,KGD2
GQ67_02350,YLR132C
GQ67_02351,IGO2
GQ67_02352,
GQ67_02353,SWI4
GQ67_02354,
GQ67_02355,
GQ67_02356,STT4
GQ67_02357,TIF6
GQ67_02358,HSP104
GQ67_02359,ACO1
GQ67_02360,RIM4
GQ67_02361,RRI1
GQ67_02362,NPR1
GQ67_02363,MRPL19
GQ67_02364,UBP10
GQ67_02365,YNL181W
GQ67_02366,IPI3
GQ67_02367,
GQ67_02368,NOP6
GQ67_02369,
GQ67_02370,
GQ67_02371,RPS3
GQ67_02372,SHR3
GQ67_02373,MRPL22
GQ67_02374,MOH1
GQ67_02375,
GQ67_02376,NOP13
GQ67_02377,UGP1
GQ67_02378,RRP36
GQ67_02379,MPD1
GQ67_02380,GLN3
GQ67_02381,
GQ67_02382,DUG1
GQ67_02383,
GQ67_02384,SDT1
GQ67_02385,
GQ67_02386,COX5B
GQ67_02387,
GQ67_02388,
GQ67_02389,
GQ67_02390,SHE10
GQ67_02391,ATP11
GQ67_02392,
GQ67_02394,TMN3
GQ67_02395,
GQ67_02396,TEL1
GQ67_02397,RPL23B
GQ67_02398,SLX8
GQ67_02399,
GQ67_02400,
GQ67_02401,BOI2
GQ67_02402,CDC27
GQ67_02403,SHO1
GQ67_02404,UBR1
GQ67_02405,URB2
GQ67_02406,UIP4
GQ67_02407,TPN1
GQ67_02408,
GQ67_02409,MRN1
GQ67_02410,
GQ67_02411,SLC1
GQ67_02412,DCP1
GQ67_02413,RGA1
GQ67_02414,FMP40
GQ67_02415,CFD1
GQ67_02416,
GQ67_02417,YEA4
GQ67_02418,YMR010W
GQ67_02419,YEL007W
GQ67_02420,YAP5
GQ67_02421,PET127
GQ67_02422,ATG2
GQ67_02423,SPS4
GQ67_02424,MET32
GQ67_02425,
GQ67_02426,EGD1
GQ67_02427,
GQ67_02428,
GQ67_02429,SCJ1
GQ67_02430,DML1
GQ67_02431,
GQ67_02432,
GQ67_02433,TMA16
GQ67_02434,CAF20
GQ67_02435,EFR3
GQ67_02436,IML1
GQ67_02437,CEF1
GQ67_02438,CFT1
GQ67_02439,RIM20
GQ67_02440,MOD5
GQ67_02441,FSF1
GQ67_02442,ERG12
GQ67_02443,YTM1
GQ67_02444,YMR209C
GQ67_02445,
GQ67_02446,GUA1
GQ67_02447,RAM2
GQ67_02448,
GQ67_02449,
GQ67_02450,COX10
GQ67_02451,RPN8
GQ67_02454,
GQ67_02455,YOR262W
GQ67_02456,BUD27
GQ67_02457,
GQ67_02458,
GQ67_02459,
GQ67_02460,SEC61
GQ67_02461,YDL177C
GQ67_02462,
GQ67_02463,YNL040W
GQ67_02464,YBR138C
GQ67_02465,VBA1
GQ67_02466,CIA1
GQ67_02467,CYC2
GQ67_02468,PEP12
GQ67_02470,
GQ67_02471,DYS1
GQ67_02472,
GQ67_02473,
GQ67_02474,
GQ67_02475,ECM21
GQ67_02476,MBA1
GQ67_02477,SUR1
GQ67_02478,GYP1
GQ67_02479,MTD1
GQ67_02481,SAC3
GQ67_02482,MTC5
GQ67_02483,CDC20
GQ67_02484,
GQ67_02485,GAS1
GQ67_02486,
GQ67_02487,
GQ67_02488,
GQ67_02490,RTN1
GQ67_02491,
GQ67_02492,PEP5
GQ67_02493,HOG1
GQ67_02494,
GQ67_02495,MUK1
GQ67_02496,
GQ67_02497,
GQ67_02498,INP54
GQ67_02499,RER1
GQ67_02500,PSE1
GQ67_02501,PGS1
GQ67_02502,RIB2
GQ67_02503,FAD1
GQ67_02504,
GQ67_02505,NUF2
GQ67_02506,
GQ67_02507,
GQ67_02508,FAR1
GQ67_02509,
GQ67_02510,LUC7
GQ67_02511,IMP1
GQ67_02512,SWP1
GQ67_02513,
GQ67_02514,
GQ67_02515,OCH1
GQ67_02516,RAP1
GQ67_02517,YNL217W
GQ67_02518,GYP7
GQ67_02519,PAA1
GQ67_02520,MAG1
GQ67_02521,DDI1
GQ67_02522,
GQ67_02523,DOS2
GQ67_02524,DOA4
GQ67_02525,SLS1
GQ67_02526,CPR1
GQ67_02527,ENT5
GQ67_02528,GIR2
GQ67_02529,YDR161W
GQ67_02530,NBP2
GQ67_02531,CWC15
GQ67_02532,PUT1
GQ67_02533,
GQ67_02534,YRB30
GQ67_02535,DEG1
GQ67_02536,
GQ67_02537,SPB4
GQ67_02538,YGR012W
GQ67_02539,
GQ67_02540,SNU71
GQ67_02541,MSB2
GQ67_02542,IRC19
GQ67_02543,GPM3
GQ67_02544,YGR016W
GQ67_02545,
GQ67_02546,
GQ67_02547,TIF34
GQ67_02549,
GQ67_02551,
GQ67_02552,
GQ67_02553,YJL049W
GQ67_02554,UBX7
GQ67_02555,PMA1
GQ67_02556,
GQ67_02557,DPM1
GQ67_02558,YLR407W
GQ67_02559,VAM6
GQ67_02560,UTP21
GQ67_02561,VIP1
GQ67_02562,PRS1
GQ67_02563,BER1
GQ67_02564,FAS1
GQ67_02565,NTE1
GQ67_02567,ULP2
GQ67_02568,ERO1
GQ67_02569,TAF13
GQ67_02570,
GQ67_02571,YSH1
GQ67_02572,
GQ67_02573,
GQ67_02574,POB3
GQ67_02575,SUB2
GQ67_02576,ARP6
GQ67_02577,YDR089W
GQ67_02578,SLU7
GQ67_02579,RRP1
GQ67_02580,SPT2
GQ67_02581,RAD4
GQ67_02582,
GQ67_02583,YDR090C
GQ67_02584,STL1
GQ67_02585,
GQ67_02586,YER163C
GQ67_02587,GAP1
GQ67_02588,YKL091C
GQ67_02589,ATG15
GQ67_02590,REI1
GQ67_02591,
GQ67_02592,TIM54
GQ67_02593,TRM82
GQ67_02594,
GQ67_02595,
GQ67_02597,SSZ1
GQ67_02598,
GQ67_02599,DIA2
GQ67_02600,BAS1
GQ67_02601,
GQ67_02602,
GQ67_02603,
GQ67_02604,GPB2
GQ67_02605,
GQ67_02606,GPI12
GQ67_02607,TFC3
GQ67_02608,IMP4
GQ67_02609,MSK1
GQ67_02610,
GQ67_02611,RNH201
GQ67_02612,LAT1
GQ67_02613,KNS1
GQ67_02614,
GQ67_02615,
GQ67_02616,
GQ67_02617,RPT6
GQ67_02618,
GQ67_02619,ZAP1
GQ67_02620,
GQ67_02621,NUG1
GQ67_02622,SUA7
GQ67_02623,
GQ67_02624,HAS1
GQ67_02625,
GQ67_02626,
GQ67_02627,TMA20
GQ67_02628,IST3
GQ67_02631,UTP8
GQ67_02632,YFR006W
GQ67_02633,PCM1
GQ67_02634,LCL3
GQ67_02635,GUP1
GQ67_02636,
GQ67_02637,
GQ67_02638,
GQ67_02639,FBA1
GQ67_02640,DEF1
GQ67_02641,
GQ67_02642,
GQ67_02643,
GQ67_02644,TTI1
GQ67_02645,REG1
GQ67_02646,RPN9
GQ67_02647,
GQ67_02648,OAC1
GQ67_02649,YMR102C
GQ67_02650,BNA7
GQ67_02651,NPL3
GQ67_02652,
GQ67_02653,UBX2
GQ67_02654,YDL218W
GQ67_02655,HLJ1
GQ67_02656,INO80
GQ67_02657,RRS1
GQ67_02658,
GQ67_02659,YOR296W
GQ67_02660,
GQ67_02661,
GQ67_02662,YGR053C
GQ67_02663,
GQ67_02664,
GQ67_02665,TAF6
GQ67_02666,YBR238C
GQ67_02667,GPA1
GQ67_02668,PCL5
GQ67_02669,RSM7
GQ67_02670,COR1
GQ67_02671,MRP2
GQ67_02672,ART10
GQ67_02673,
GQ67_02674,CDA2
GQ67_02675,YJL055W
GQ67_02676,PBS2
GQ67_02677,SIN4
GQ67_02678,GDH3
GQ67_02679,
GQ67_02680,
GQ67_02681,ISA1
GQ67_02682,FRA1
GQ67_02683,
GQ67_02684,RFA1
GQ67_02685,
GQ67_02686,
GQ67_02687,COG7
GQ67_02688,PMC1
GQ67_02689,
GQ67_02691,RNH202
GQ67_02692,VMS1
GQ67_02694,TCB3
GQ67_02696,CIT1
GQ67_02697,
GQ67_02698,CWH43
GQ67_02699,
GQ67_02700,YCR015C
GQ67_02701,
GQ67_02702,YCR016W
GQ67_02703,
GQ67_02704,
GQ67_02705,
GQ67_02706,
GQ67_02707,DSE4
GQ67_02708,
GQ67_02709,PNP1
GQ67_02710,
GQ67_02711,YKL077W
GQ67_02712,
GQ67_02713,
GQ67_02714,DLT1
GQ67_02715,SEN15
GQ67_02716,SAM37
GQ67_02717,SPC105
GQ67_02718,SIP2
GQ67_02719,YBL029W
GQ67_02721,
GQ67_02722,PAN2
GQ67_02723,RTT10
GQ67_02724,YMR130W
GQ67_02725,DFG5
GQ67_02726,
GQ67_02727,HOT1
GQ67_02728,VPS45
GQ67_02729,
GQ67_02730,
GQ67_02731,
GQ67_02732,
GQ67_02733,
GQ67_02734,RIF1
GQ67_02735,DCG1
GQ67_02736,ATO2
GQ67_02737,
GQ67_02738,APD1
GQ67_02739,
GQ67_02740,
GQ67_02741,RAX2
GQ67_02742,TFC8
GQ67_02743,DCD1
GQ67_02744,FMP41
GQ67_02745,SKO1
GQ67_02746,AEP3
GQ67_02747,NCR1
GQ67_02748,CAT5
GQ67_02749,FRQ1
GQ67_02750,MTH1
GQ67_02751,
GQ67_02752,
GQ67_02753,
GQ67_02754,
GQ67_02755,
GQ67_02756,YGL138C
GQ67_02757,
GQ67_02758,BMS1
GQ67_02759,SAR1
GQ67_02760,SEC27
GQ67_02761,MRM2
GQ67_02762,RPL1A
GQ67_02763,TDP1
GQ67_02764,GSH1
GQ67_02765,LSG1
GQ67_02766,
GQ67_02767,MDN1
GQ67_02768,RPL12A
GQ67_02769,MAK10
GQ67_02770,ATP5
GQ67_02771,RML2
GQ67_02772,
GQ67_02773,YDR415C
GQ67_02774,VMA8
GQ67_02775,SYF1
GQ67_02776,AFG1
GQ67_02777,
GQ67_02778,UTP4
GQ67_02779,YMR087W
GQ67_02780,
GQ67_02781,
GQ67_02782,SRB8
GQ67_02783,
GQ67_02784,
GQ67_02785,
GQ67_02786,SWD2
GQ67_02787,HCS1
GQ67_02788,ATP7
GQ67_02790,
GQ67_02792,
GQ67_02793,VPS13
GQ67_02794,FMT1
GQ67_02795,YMR155W
GQ67_02796,
GQ67_02797,
GQ67_02798,CWH41
GQ67_02799,
GQ67_02800,QCR6
GQ67_02801,
GQ67_02802,
GQ67_02803,YBT1
GQ67_02804,
GQ67_02805,
GQ67_02806,SEH1
GQ67_02807,
GQ67_02808,PRB1
GQ67_02809,THP1
GQ67_02810,
GQ67_02811,
GQ67_02812,TRM10
GQ67_02813,RTC2
GQ67_02814,NUP116
GQ67_02815,IDP1
GQ67_02816,
GQ67_02817,
GQ67_02818,SIL1
GQ67_02819,
GQ67_02820,ATS1
GQ67_02821,OPI10
GQ67_02822,MSE1
GQ67_02823,TOP3
GQ67_02824,LIP2
GQ67_02825,SWC3
GQ67_02826,SMC5
GQ67_02827,
GQ67_02828,MDM10
GQ67_02829,SPO7
GQ67_02830,YTH1
GQ67_02831,COG4
GQ67_02832,
GQ67_02833,
GQ67_02834,RBG1
GQ67_02835,FUN12
GQ67_02836,
GQ67_02837,
GQ67_02838,INN1
GQ67_02839,RPC31
GQ67_02840,PGA2
GQ67_02841,ALF1
GQ67_02842,FUR1
GQ67_02843,ARP1
GQ67_02845,
GQ67_02846,PHO4
GQ67_02847,YGR125W
GQ67_02848,
GQ67_02849,
GQ67_02850,SLH1
GQ67_02851,EFG1
GQ67_02852,HUA1
GQ67_02853,MIH1
GQ67_02854,IMP2
GQ67_02855,CCS1
GQ67_02856,
GQ67_02857,YET1
GQ67_02858,
GQ67_02859,SOL1
GQ67_02860,
GQ67_02861,PTC6
GQ67_02862,SOR1
GQ67_02863,XKS1
GQ67_02864,ARR3
GQ67_02865,RNR1
GQ67_02866,THI73
GQ67_02867,
GQ67_02868,YDR306C
GQ67_02869,
GQ67_02870,DAL5
GQ67_02871,SRB7
GQ67_02872,VMA22
GQ67_02873,
GQ67_02874,PIB1
GQ67_02875,SSF2
GQ67_02876,RRP3
GQ67_02877,UTR2
GQ67_02878,COP1
GQ67_02879,JHD1
GQ67_02880,RSM18
GQ67_02881,PKP1
GQ67_02882,LDB17
GQ67_02883,
GQ67_02884,RPN5
GQ67_02885,SNF3
GQ67_02886,NUS1
GQ67_02887,RPL35A
GQ67_02888,UFD2
GQ67_02889,RBS1
GQ67_02890,RDI1
GQ67_02892,
GQ67_02893,
GQ67_02894,YDL186W
GQ67_02895,VMA1
GQ67_02896,YDL183C
GQ67_02897,SRF1
GQ67_02898,CDC53
GQ67_02899,
GQ67_02900,VPS54
GQ67_02901,
GQ67_02902,
GQ67_02903,FBA2
GQ67_02904,FBA1-like
GQ67_02906,QCR7
GQ67_02907,APA2
GQ67_02908,CAB1
GQ67_02909,
GQ67_02910,
GQ67_02911,PRD1
GQ67_02912,
GQ67_02913,
GQ67_02914,MRC1
GQ67_02915,
GQ67_02916,KRR1
GQ67_02917,PRM1
GQ67_02918,
GQ67_02919,EMG1
GQ67_02920,LCD1
GQ67_02921,
GQ67_02922,YLR177W
GQ67_02923,
GQ67_02924,GIN4
GQ67_02925,LYP1
GQ67_02926,RPL5
GQ67_02927,GIP3
GQ67_02928,
GQ67_02931,STE50
GQ67_02932,RRP7
GQ67_02933,
GQ67_02934,
GQ67_02935,
GQ67_02936,ATG22
GQ67_02937,
GQ67_02938,
GQ67_02939,
GQ67_02940,
GQ67_02941,LAG1
GQ67_02942,
GQ67_02943,YGR111W
GQ67_02944,YPR1
GQ67_02945,YPR022C
GQ67_02946,UFD4
GQ67_02947,MRT4
GQ67_02948,MIF2
GQ67_02949,SPS1
GQ67_02952,UFD1
GQ67_02953,TFC4
GQ67_02954,IST1
GQ67_02955,
GQ67_02956,RTG1
GQ67_02957,SFT2
GQ67_02958,NAT1
GQ67_02959,SIR2
GQ67_02960,
GQ67_02961,CDC45
GQ67_02962,
GQ67_02963,REX3
GQ67_02964,
GQ67_02965,MKC7
GQ67_02966,
GQ67_02967,HAC1
GQ67_02968,
GQ67_02969,SNU23
GQ67_02970,
GQ67_02971,MRPS8
GQ67_02972,TPP1
GQ67_02973,BUG1
GQ67_02974,
GQ67_02975,ARG4
GQ67_02976,DED81
GQ67_02977,YHR020W
GQ67_02978,SLM5
GQ67_03001,
GQ67_03002,
GQ67_03003,
GQ67_03004,
GQ67_03005,
GQ67_03006,
GQ67_03007,
GQ67_03018,ACT1
GQ67_03019,
GQ67_03020,
GQ67_03021,
GQ67_03022,
GQ67_03023,
GQ67_03024,
GQ67_03025,
GQ67_03026,FLO9-like2
GQ67_03027,
GQ67_03028,FLO1
GQ67_03029,
GQ67_03030,
GQ67_03031,
GQ67_03032,YPL279C
GQ67_03033,DAL4
GQ67_03034,
GQ67_03035,
GQ67_03036,
GQ67_03037,
GQ67_03038,
GQ67_03039,YIL166C
GQ67_03040,
GQ67_03041,
GQ67_03043,
GQ67_03044,
GQ67_03045,PET8
GQ67_03046,NFS1
GQ67_03047,RLP7
GQ67_03048,LEU2
GQ67_03049,ODC1
GQ67_03051,SMK1
GQ67_03052,VPS15
GQ67_03053,PEX2
GQ67_03054,VPS29
GQ67_03055,PRP3
GQ67_03056,
GQ67_03057,
GQ67_03058,
GQ67_03059,ELG1
GQ67_03060,
GQ67_03061,
GQ67_03062,
GQ67_03063,SPT3
GQ67_03064,THI80
GQ67_03065,ERG25
GQ67_03066,RPL20B
GQ67_03067,
GQ67_03068,VPS71
GQ67_03069,ARH1
GQ67_03070,TUL1
GQ67_03071,YKL033W-A
GQ67_03072,PRS3
GQ67_03073,ETP1
GQ67_03074,
GQ67_03075,RRP5
GQ67_03076,YOR289W
GQ67_03077,MXR1
GQ67_03078,MEH1
GQ67_03079,RSC4
GQ67_03080,CAT2
GQ67_03081,
GQ67_03082,DGK1
GQ67_03083,
GQ67_03084,
GQ67_03085,
GQ67_03086,SCT1
GQ67_03087,
GQ67_03088,ULA1
GQ67_03089,
GQ67_03091,
GQ67_03092,PRY2
GQ67_03093,SUI2
GQ67_03094,YJR008W
GQ67_03095,
GQ67_03096,
GQ67_03097,HRQ1
GQ67_03098,ENO1
GQ67_03099,
GQ67_03100,
GQ67_03101,ADE2
GQ67_03102,
GQ67_03103,RAX1
GQ67_03104,
GQ67_03105,AIM6
GQ67_03106,YBL028C
GQ67_03107,RPL19A
GQ67_03108,TEC1
GQ67_03109,MAK21
GQ67_03110,ARO10
GQ67_03111,AFI1
GQ67_03112,YDR381C-A
GQ67_03113,
GQ67_03114,ORT1
GQ67_03115,
GQ67_03116,
GQ67_03117,
GQ67_03118,
GQ67_03119,
GQ67_03120,
GQ67_03121,LEO1
GQ67_03122,CTS2
GQ67_03123,VPS74
GQ67_03124,
GQ67_03125,ESF1
GQ67_03126,RTC5
GQ67_03127,RIO1
GQ67_03128,KEI1
GQ67_03129,
GQ67_03130,SFL1
GQ67_03131,BCS1
GQ67_03132,UBP2
GQ67_03133,TFC6
GQ67_03134,YHR112C
GQ67_03135,BIG1
GQ67_03136,
GQ67_03137,APS3
GQ67_03138,CBP4
GQ67_03139,ERG1
GQ67_03140,YOR378W
GQ67_03141,
GQ67_03142,YPK1
GQ67_03143,
GQ67_03144,HSL1
GQ67_03145,
GQ67_03146,SIZ1
GQ67_03147,STE14
GQ67_03148,FCF1
GQ67_03149,RUP1
GQ67_03150,
GQ67_03151,
GQ67_03152,CST6
GQ67_03153,STP22
GQ67_03154,
GQ67_03155,
GQ67_03156,HMX1
GQ67_03157,
GQ67_03158,
GQ67_03159,YLR063W
GQ67_03160,SEC4
GQ67_03161,FRS1
GQ67_03162,YFL034W
GQ67_03163,
GQ67_03164,TEL2
GQ67_03165,
GQ67_03166,
GQ67_03167,RHO1
GQ67_03168,MET16
GQ67_03169,NUT2
GQ67_03170,
GQ67_03171,
GQ67_03172,YHR045W
GQ67_03173,MRPS9
GQ67_03174,YOL086W-A
GQ67_03175,RIB7
GQ67_03176,RPB5
GQ67_03177,YOL087C
GQ67_03178,
GQ67_03179,BRX1
GQ67_03180,AVO1
GQ67_03181,
GQ67_03182,RPL27B
GQ67_03183,
GQ67_03184,
GQ67_03185,WRS1
GQ67_03186,YDR341C
GQ67_03187,
GQ67_03188,RIB3
GQ67_03189,VPS60
GQ67_03190,COQ3
GQ67_03191,VPS72
GQ67_03192,
GQ67_03193,
GQ67_03194,YHL008C
GQ67_03195,PDS5
GQ67_03196,RCO1
GQ67_03197,
GQ67_03198,ARG7
GQ67_03199,SNF5
GQ67_03200,BSD2
GQ67_03201,CTP1
GQ67_03202,TFA1
GQ67_03203,
GQ67_03204,
GQ67_03205,
GQ67_03206,
GQ67_03223,
GQ67_03224,
GQ67_03226,
GQ67_03227,
GQ67_03228,PDC1
GQ67_03229,PEX25
GQ67_03230,
GQ67_03231,
GQ67_03232,
GQ67_03233,CBK1
GQ67_03235,
GQ67_03236,GET2
GQ67_03237,DPP1
GQ67_03238,YML096W
GQ67_03239,
GQ67_03240,NAB3
GQ67_03241,NGL2
GQ67_03242,VPS9
GQ67_03243,FAF1
GQ67_03244,CTF4
GQ67_03245,
GQ67_03246,RRP9
GQ67_03247,
GQ67_03248,RMD5
GQ67_03249,
GQ67_03250,
GQ67_03251,
GQ67_03252,
GQ67_03253,NOP4
GQ67_03254,TRM44
GQ67_03255,PHO85
GQ67_03256,
GQ67_03257,
GQ67_03258,KTR1
GQ67_03259,HIR1
GQ67_03260,ARG1
GQ67_03261,
GQ67_03262,DGA1
GQ67_03263,
GQ67_03264,BCK1
GQ67_03265,MRPL49
GQ67_03266,PHS1
GQ67_03267,YDL206W
GQ67_03268,RPN3
GQ67_03269,
GQ67_03270,RAD54
GQ67_03271,YEL047C
GQ67_03272,AVT1
GQ67_03273,REC8
GQ67_03274,
GQ67_03275,HAT1
GQ67_03276,
GQ67_03277,
GQ67_03278,SSA4
GQ67_03279,YPT1
GQ67_03280,YLR065C
GQ67_03281,
GQ67_03282,
GQ67_03283,HAA1
GQ67_03284,POL30
GQ67_03285,MAK3
GQ67_03286,STP3
GQ67_03287,SUR4
GQ67_03288,ROM2
GQ67_03289,ARC18
GQ67_03290,YOR352W
GQ67_03291,
GQ67_03292,SOF1
GQ67_03293,PSR1
GQ67_03294,TOP1
GQ67_03295,CDC5
GQ67_03296,SIN3
GQ67_03297,PFA4
GQ67_03298,YMR265C
GQ67_03299,CAC2
GQ67_03300,
GQ67_03301,SAP30
GQ67_03302,
GQ67_03303,TGL1
GQ67_03304,ACH1
GQ67_03305,
GQ67_03306,GGC1
GQ67_03307,PCF11
GQ67_03308,ADK1
GQ67_03309,MSC3
GQ67_03310,YGR067C
GQ67_03311,
GQ67_03312,GTT3
GQ67_03313,CDC8
GQ67_03314,
GQ67_03315,MDM12
GQ67_03316,
GQ67_03317,YCS4
GQ67_03318,
GQ67_03319,YJU2
GQ67_03320,TAF4
GQ67_03321,RCL1
GQ67_03322,MVP1
GQ67_03323,
GQ67_03324,
GQ67_03325,MED4
GQ67_03326,DCS1
GQ67_03327,SEC22
GQ67_03328,SWT1
GQ67_03329,
GQ67_03331,GND2
GQ67_03332,ESBP6
GQ67_03333,SEY1
GQ67_03334,GET4
GQ67_03335,DDP1
GQ67_03336,
GQ67_03337,
GQ67_03338,AMD2
GQ67_03339,
GQ67_03341,GLN4
GQ67_03342,
GQ67_03343,FMP45
GQ67_03344,
GQ67_03345,
GQ67_03346,COQ2
GQ67_03347,VPS3
GQ67_03348,BFR2
GQ67_03349,LTV1
GQ67_03350,APC11
GQ67_03351,PRO1
GQ67_03352,AVT3
GQ67_03353,
GQ67_03354,PIH1
GQ67_03355,TDA11
GQ67_03356,KEL2
GQ67_03357,
GQ67_03358,CCT8
GQ67_03359,VPS53
GQ67_03361,
GQ67_03363,
GQ67_03364,PGC1
GQ67_03365,GAS2
GQ67_03366,TIM21
GQ67_03368,PSO2
GQ67_03369,IRC3
GQ67_03370,UBX5
GQ67_03371,
GQ67_03372,VPS36
GQ67_03373,HYM1
GQ67_03374,
GQ67_03376,GTR1
GQ67_03377,ERG9
GQ67_03378,
GQ67_03379,
GQ67_03380,CIN1
GQ67_03381,
GQ67_03382,TOP2
GQ67_03383,MSL5
GQ67_03384,CLF1
GQ67_03385,
GQ67_03386,
GQ67_03387,
GQ67_03388,YKU70
GQ67_03389,TMT1
GQ67_03390,BUD4
GQ67_03391,
GQ67_03392,FIP1
GQ67_03393,
GQ67_03394,
GQ67_03395,
GQ67_03396,CWP1
GQ67_03397,ERV2
GQ67_03398,TIP41
GQ67_03399,OCA5
GQ67_03400,RPG1
GQ67_03401,
GQ67_03402,SEC18
GQ67_03403,
GQ67_03404,
GQ67_03405,RSC58
GQ67_03406,ECM16
GQ67_03407,
GQ67_03408,RAD5
GQ67_03409,KIN1
GQ67_03410,
GQ67_03411,YMR226C
GQ67_03412,ECM18
GQ67_03413,
GQ67_03414,YDR124W
GQ67_03415,HRT3
GQ67_03416,
GQ67_03417,
GQ67_03418,
GQ67_03419,
GQ67_03420,
GQ67_03421,RAD6
GQ67_03422,PKP2
GQ67_03423,PNC1
GQ67_03424,
GQ67_03425,MPM1
GQ67_03426,ATG12
GQ67_03427,
GQ67_03428,HPC2
GQ67_03429,SSC1
GQ67_03430,
GQ67_03431,
GQ67_03432,SPF1
GQ67_03433,GWT1
GQ67_03434,MNN2
GQ67_03435,ERG6
GQ67_03436,CCC1
GQ67_03437,
GQ67_03439,SGV1
GQ67_03440,
GQ67_03441,
GQ67_03442,
GQ67_03443,
GQ67_03444,
GQ67_03445,
GQ67_03446,
GQ67_03447,URA3
GQ67_03448,
GQ67_03449,SKI6
GQ67_03450,
GQ67_03451,GPI14
GQ67_03452,TMA22
GQ67_03453,YPL067C
GQ67_03454,MAP1
GQ67_03455,SPC19
GQ67_03456,RAV2
GQ67_03457,SCC2
GQ67_03458,GCD6
GQ67_03459,YMD8
GQ67_03460,STP2
GQ67_03461,YPS7
GQ67_03462,RAD9
GQ67_03463,ADY4
GQ67_03464,
GQ67_03465,BUR2
GQ67_03466,SUP35
GQ67_03467,
GQ67_03468,
GQ67_03469,TEX1
GQ67_03470,
GQ67_03471,ACS2
GQ67_03472,
GQ67_03473,YKL069W
GQ67_03474,
GQ67_03475,
GQ67_03476,HAL9
GQ67_03477,
GQ67_03478,NHA1
GQ67_03479,CAR2
GQ67_03480,DIF1
GQ67_03481,ECM30
GQ67_03482,TSR2
GQ67_03483,CNA1
GQ67_03484,
GQ67_03485,
GQ67_03486,SPE1
GQ67_03487,ASH1
GQ67_03488,ECM14
GQ67_03489,
GQ67_03490,OSH3
GQ67_03491,
GQ67_03492,
GQ67_03493,
GQ67_03494,SBE22
GQ67_03495,SUR2
GQ67_03496,MHR1
GQ67_03497,YHR078W
GQ67_03499,FLX1
GQ67_03500,
GQ67_03501,NUP49
GQ67_03502,XRN1
GQ67_03503,BUD13
GQ67_03504,AGC1
GQ67_03505,SAE2
GQ67_03506,
GQ67_03507,
GQ67_03508,JEN1
GQ67_03509,RPE1
GQ67_03510,ALB1
GQ67_03511,LSM1
GQ67_03512,GCD14
GQ67_03513,
GQ67_03514,
GQ67_03515,
GQ67_03516,YDR541C-like
GQ67_03517,
GQ67_03518,
GQ67_03519,PRE6
GQ67_03520,RPR2
GQ67_03521,
GQ67_03522,
GQ67_03523,TAF5
GQ67_03524,GPI2
GQ67_03525,YPL077C
GQ67_03526,PGI1
GQ67_03527,MSI1
GQ67_03528,RPN7
GQ67_03529,
GQ67_03530,ARP2
GQ67_03531,MPS1
GQ67_03532,ATP4
GQ67_03533,AIM4
GQ67_03534,ALA1
GQ67_03535,
GQ67_03536,YNR021W
GQ67_03537,IMG1
GQ67_03538,BUD23
GQ67_03539,ARE2
GQ67_03540,ATP23
GQ67_03542,STE11
GQ67_03543,RKM5
GQ67_03544,HOM2
GQ67_03545,RPA14
GQ67_03546,YDR115W
GQ67_03547,MRPL1
GQ67_03548,GPI17
GQ67_03549,TMA64
GQ67_03550,APC4
GQ67_03551,
GQ67_03552,
GQ67_03553,XDJ1
GQ67_03554,ALT1
GQ67_03555,
GQ67_03556,TED1
GQ67_03557,
GQ67_03558,VPS64
GQ67_03559,
GQ67_03560,
GQ67_03561,BNA5
GQ67_03562,SUL1
GQ67_03563,
GQ67_03565,
GQ67_03566,
GQ67_03567,PHO91
GQ67_03568,PRP2
GQ67_03569,
GQ67_03570,
GQ67_03571,
GQ67_03572,
GQ67_03573,
GQ67_03574,
GQ67_03575,ARO80
GQ67_03576,
GQ67_03577,
GQ67_03578,YOR338W
GQ67_03579,ARO1
GQ67_03580,ERG5
GQ67_03581,
GQ67_03582,SSH4
GQ67_03583,SRP21
GQ67_03584,
GQ67_03585,HNM1
GQ67_03586,PAH1
GQ67_03587,
GQ67_03588,
GQ67_03589,ANP1
GQ67_03590,ZRT1
GQ67_03591,ZPS1
GQ67_03592,YEL043W
GQ67_03593,VBA2
GQ67_03594,DMA2
GQ67_03595,
GQ67_03596,YOR093C
GQ67_03597,
GQ67_03598,RTT106
GQ67_03600,
GQ67_03601,LYS9
GQ67_03602,MSO1
GQ67_03603,
GQ67_03604,GDI1
GQ67_03605,MDM1
GQ67_03606,RRN9
GQ67_03607,SEC65
GQ67_03608,URA5
GQ67_03609,SCS7
GQ67_03610,
GQ67_03611,TIM44
GQ67_03612,SSM4
GQ67_03613,IRR1
GQ67_03614,KRE27
GQ67_03615,
GQ67_03616,YKE4
GQ67_03617,RSC8
GQ67_03618,IRC5
GQ67_03619,BCY1
GQ67_03620,ERG28
GQ67_03621,CAP2
GQ67_03622,
GQ67_03623,GTT2
GQ67_03624,SPO73
GQ67_03625,YCR023C
GQ67_03626,ALG5
GQ67_03627,
GQ67_03628,ASI2
GQ67_03629,
GQ67_03630,
GQ67_03631,
GQ67_03632,YJR129C
GQ67_03633,GLO3
GQ67_03634,IES4
GQ67_03635,MSB1
GQ67_03636,ECM38
GQ67_03637,TUF1
GQ67_03638,
GQ67_03639,GCD7
GQ67_03640,MEC3
GQ67_03641,SER1
GQ67_03642,CPR6
GQ67_03643,RPO21
GQ67_03644,BPL1
GQ67_03645,
GQ67_03646,CCT4
GQ67_03647,CDC123
GQ67_03648,SAS10
GQ67_03649,RPC53
GQ67_03650,CCL1
GQ67_03651,ATP1
GQ67_03652,IMP2'
GQ67_03653,PCD1
GQ67_03654,GUT2
GQ67_03655,RRP4
GQ67_03656,RDS3
GQ67_03657,YPR097W
GQ67_03658,TOM20
GQ67_03659,SLX9
GQ67_03660,
GQ67_03661,MRS6
GQ67_03662,RPS12
GQ67_03663,RAD17
GQ67_03664,
GQ67_03665,SCP1
GQ67_03666,CUP9
GQ67_03667,ASP1
GQ67_03668,
GQ67_03670,TRM2
GQ67_03671,MET30
GQ67_03672,TIF1
GQ67_03673,LCB3
GQ67_03674,RHO4
GQ67_03675,CDC6
GQ67_03676,
GQ67_03677,
GQ67_03678,FEN1
GQ67_03679,RRP43
GQ67_03680,
GQ67_03681,
GQ67_03682,
GQ67_03683,
GQ67_03684,PPT1
GQ67_03685,CET1
GQ67_03686,PGA1
GQ67_03687,
GQ67_03688,YNL190W
GQ67_03689,
GQ67_03690,SRP1
GQ67_03691,YNL010W
GQ67_03692,VBA5
GQ67_03693,SEC24
GQ67_03694,COX5A
GQ67_03695,HPM1
GQ67_03696,COG5
GQ67_03697,YNL050C
GQ67_03698,HOS4
GQ67_03699,MSG5
GQ67_03700,
GQ67_03701,
GQ67_03702,
GQ67_03703,VAC7
GQ67_03704,TRL1
GQ67_03705,
GQ67_03706,SWE1
GQ67_03707,RIM101
GQ67_03708,
GQ67_03709,CRP1
GQ67_03710,YPI1
GQ67_03711,
GQ67_03712,NIC96
GQ67_03713,CHL1
GQ67_03714,
GQ67_03715,
GQ67_03716,TRM5
GQ67_03717,MDM20
GQ67_03718,YBR139W
GQ67_03719,
GQ67_03720,RIM13
GQ67_03721,RAM1
GQ67_03722,OPY2
GQ67_03723,HAP5
GQ67_03724,
GQ67_03725,TFS1
GQ67_03726,PTA1
GQ67_03727,PRP9
GQ67_03728,YBR235W
GQ67_03729,
GQ67_03730,ABD1
GQ67_03731,
GQ67_03732,SPO14
GQ67_03733,FUM1
GQ67_03734,THI4
GQ67_03735,THI72
GQ67_03737,RPA49
GQ67_03738,VPS75
GQ67_03739,
GQ67_03740,CTF18
GQ67_03741,SEC14
GQ67_03742,BUD2
GQ67_03743,NAM7
GQ67_03744,
GQ67_03745,ACO2
GQ67_03746,BUD5
GQ67_03747,YPR084W
GQ67_03748,SIT1
GQ67_03749,
GQ67_03750,CBP6
GQ67_03751,DIB1
GQ67_03752,OPY1
GQ67_03753,MET14
GQ67_03754,YJR003C
GQ67_03755,
GQ67_03756,
GQ67_03757,
GQ67_03759,SHE3
GQ67_03760,DHR2
GQ67_03761,SLG1
GQ67_03762,DLD2
GQ67_03763,YPL260W
GQ67_03764,ASN2
GQ67_03765,QRI1
GQ67_03766,
GQ67_03767,STS1
GQ67_03768,YBR255C-A
GQ67_03769,
GQ67_03770,REX2
GQ67_03771,OCA4
GQ67_03772,UTP23
GQ67_03773,NOC3
GQ67_03774,ERP3
GQ67_03775,
GQ67_03776,
GQ67_03777,ATG3
GQ67_03778,RPN4
GQ67_03779,SEC28
GQ67_03780,TKL2
GQ67_03781,
GQ67_03782,
GQ67_03783,
GQ67_03784,
GQ67_03785,PAN1
GQ67_03786,
GQ67_03787,
GQ67_03788,GEM1
GQ67_03789,PRE10
GQ67_03790,SPC72
GQ67_03791,PRT1
GQ67_03792,AIM1
GQ67_03793,SCD5
GQ67_03794,
GQ67_03795,MIP1
GQ67_03796,VMA4
GQ67_03797,GIP4
GQ67_03798,MRS2
GQ67_03799,RPA43
GQ67_03800,MTW1
GQ67_03801,UBC11
GQ67_03802,UBC5
GQ67_03803,MTR4
GQ67_03804,HMS1
GQ67_03805,SPT7
GQ67_03806,SMF3
GQ67_03807,POM152
GQ67_03808,YLR243W
GQ67_03809,
GQ67_03810,
GQ67_03811,ERF2
GQ67_03812,UPS2
GQ67_03813,
GQ67_03814,RPS31
GQ67_03815,PLP1
GQ67_03816,
GQ67_03817,
GQ67_03818,COQ4
GQ67_03819,NUD1
GQ67_03820,NEW1
GQ67_03822,PTP1
GQ67_03823,MER1
GQ67_03824,SSB2
GQ67_03825,DNL4
GQ67_03826,LCB2
GQ67_03827,
GQ67_03828,IPT1
GQ67_03829,
GQ67_03831,YLL007C
GQ67_03832,TFA2
GQ67_03833,DRS1
GQ67_03834,MLH3
GQ67_03835,
GQ67_03836,MEU1
GQ67_03837,
GQ67_03838,OST1
GQ67_03839,CLP1
GQ67_03840,SYS1
GQ67_03841,NIT3
GQ67_03842,GRE3
GQ67_03843,YPL162C
GQ67_03844,
GQ67_03845,PRE3
GQ67_03846,RTT109
GQ67_03847,DNM1
GQ67_03848,
GQ67_03849,
GQ67_03850,RRP46
GQ67_03851,VAS1
GQ67_03852,PRP31
GQ67_03853,TPC1
GQ67_03854,NOC4
GQ67_03855,LTE1
GQ67_03856,LEU3
GQ67_03857,YJR124C
GQ67_03858,YAT2
GQ67_03859,RPS5
GQ67_03860,AQY1
GQ67_03861,BET2
GQ67_03862,DPB2
GQ67_03863,
GQ67_03864,HAP2
GQ67_03865,CSE1
GQ67_03866,DOC1
GQ67_03867,
GQ67_03868,YFR045W
GQ67_03869,"ADE5,7"
GQ67_03870,MET4
GQ67_03871,
GQ67_03872,
GQ67_03873,NIP1
GQ67_03874,NCS6
GQ67_03875,BLM10
GQ67_03876,AIM14
GQ67_03877,
GQ67_03878,
GQ67_03879,UBC8
GQ67_03880,
GQ67_03881,GSY2
GQ67_03882,
GQ67_03883,UTP13
GQ67_03884,GLO2
GQ67_03885,
GQ67_03886,YGR251W
GQ67_03889,
GQ67_03890,HIS3
GQ67_03891,MRM1
GQ67_03892,MRP51
GQ67_03893,KIC1
GQ67_03894,
GQ67_03895,
GQ67_03896,
GQ67_03897,YSC84
GQ67_03898,
GQ67_03899,POL4
GQ67_03901,
GQ67_03902,CPA2
GQ67_03903,GPA2
GQ67_03904,YPR117W
GQ67_03905,MDR1
GQ67_03907,YMR086W
GQ67_03908,LAP4
GQ67_03909,
GQ67_03910,
GQ67_03911,
GQ67_03912,MIC17
GQ67_03913,
GQ67_03914,AIM34
GQ67_03915,APN1
GQ67_03916,
GQ67_03917,YNL193W
GQ67_03919,
GQ67_03920,SLX4
GQ67_03921,RLF2
GQ67_03922,
GQ67_03923,SPA2
GQ67_03924,MRPL15
GQ67_03925,ROK1
GQ67_03926,ATP20
GQ67_03927,
GQ67_03928,PXA1
GQ67_03929,MAS2
GQ67_03930,MYO1
GQ67_03931,
GQ67_03932,NSP1
GQ67_03933,GPM1
GQ67_03935,TYW1
GQ67_03936,
GQ67_03937,
GQ67_03938,
GQ67_03939,LSC1
GQ67_03940,CCM1
GQ67_03941,DAS1
GQ67_03942,
GQ67_03943,DAS2
GQ67_03944,
GQ67_03945,
GQ67_03947,TWF1
GQ67_03948,GCD11
GQ67_03949,SST2
GQ67_03950,DAK1
GQ67_03951,THI20
GQ67_03952,THI6
GQ67_03953,PDR16-like
GQ67_03954,TAZ1
GQ67_03955,RAT1
GQ67_03956,YKL162C
GQ67_03957,
GQ67_03958,SSK1
GQ67_03959,BBC1
GQ67_03960,GCN2
GQ67_03961,MRE11
GQ67_03962,
GQ67_03963,
GQ67_03964,
GQ67_03965,
GQ67_03966,
GQ67_03967,MAS1
GQ67_03968,UBA1
GQ67_03969,MOG1
GQ67_03970,
GQ67_03972,SEC5
GQ67_03973,STE6
GQ67_03974,OPI3
GQ67_03975,
GQ67_03976,STE3
GQ67_03977,RIM1
GQ67_03978,
GQ67_03979,DIT2
GQ67_03980,SYP1
GQ67_03981,
GQ67_03982,FGH1
GQ67_03983,
GQ67_03984,YMR295C
GQ67_03985,FBP1
GQ67_03986,
GQ67_03987,
GQ67_03988,PSA1
GQ67_03989,NUP159
GQ67_03990,
GQ67_03991,
GQ67_03992,
GQ67_03993,PEX28
GQ67_03994,ERV41
GQ67_03995,SAM2
GQ67_03996,TDA3
GQ67_03997,SVF1
GQ67_03998,SDC1
GQ67_03999,UGO1
GQ67_04000,PNO1
GQ67_04001,SPP2
GQ67_04002,SHE9
GQ67_04003,
GQ67_04004,
GQ67_04005,SXM1
GQ67_04006,NCB2
GQ67_04007,UTP5
GQ67_04008,
GQ67_04009,HPT1
GQ67_04010,
GQ67_04011,
GQ67_04012,SAH1
GQ67_04013,
GQ67_04014,
GQ67_04015,SCH9
GQ67_04016,SKN7
GQ67_04017,SET5
GQ67_04019,SLT2
GQ67_04020,DAP2
GQ67_04021,AFT2
GQ67_04022,RPN1
GQ67_04023,VMA16
GQ67_04024,THR1
GQ67_04025,YOR238W
GQ67_04026,
GQ67_04027,
GQ67_04028,NOP53
GQ67_04029,RAD51
GQ67_04030,SEF1
GQ67_04031,PRX1
GQ67_04032,MTO1
GQ67_04033,
GQ67_04034,CMS1
GQ67_04035,MRPL3
GQ67_04036,STU1
GQ67_04037,ECO1
GQ67_04038,BNA6
GQ67_04039,VRG4
GQ67_04040,
GQ67_04041,ARB1
GQ67_04042,TLG2
GQ67_04043,YOL019W
GQ67_04044,FAB1
GQ67_04045,YPR089W
GQ67_04046,
GQ67_04047,FMS1
GQ67_04048,MAC1
GQ67_04049,UBC7
GQ67_04050,CLU1
GQ67_04051,
GQ67_04052,ORC6
GQ67_04053,POP5
GQ67_04054,PRP45
GQ67_04055,MCX1
GQ67_04056,KRE5
GQ67_04058,ROD1
GQ67_04059,ATG18
GQ67_04060,FDH1
GQ67_04061,MUM2
GQ67_04062,UBP14
GQ67_04063,
GQ67_04064,ADP1
GQ67_04065,ARO3
GQ67_04066,EHD3
GQ67_04067,
GQ67_04068,AKL1
GQ67_04069,ORC2
GQ67_04070,HEM13
GQ67_04071,NRG1
GQ67_04072,ALG14
GQ67_04073,YBR062C
GQ67_04074,RSM10
GQ67_04075,TRM7
GQ67_04076,
GQ67_04077,KRS1
GQ67_04078,DET1
GQ67_04079,TPI1
GQ67_04080,
GQ67_04081,YBR074W
GQ67_04082,HEM12
GQ67_04083,
GQ67_04084,RRP45
GQ67_04085,ERG11
GQ67_04086,MRP49
GQ67_04087,MRPL38
GQ67_04088,KRE9
GQ67_04089,
GQ67_04090,TRP3
GQ67_04091,
GQ67_04092,
GQ67_04093,
GQ67_04094,GAD1
GQ67_04095,ZRT3
GQ67_04096,CDC11
GQ67_04097,
GQ67_04098,IOC4
GQ67_04099,MCM1
GQ67_04100,
GQ67_04101,
GQ67_04102,SMF1
GQ67_04103,CDC33
GQ67_04104,KRE1
GQ67_04105,GCS1
GQ67_04106,SPS19
GQ67_04107,YNL200C
GQ67_04108,SHS1
GQ67_04109,WHI3
GQ67_04110,
GQ67_04111,
GQ67_04112,FRE1
GQ67_04113,
GQ67_04114,IWR1
GQ67_04115,YDL114W
GQ67_04116,YJU3
GQ67_04117,ALD5
GQ67_04118,HBS1
GQ67_04119,UFE1
GQ67_04120,VPS5
GQ67_04121,RPF2
GQ67_04122,RSE1
GQ67_04123,NUP133
GQ67_04124,DAD2
GQ67_04125,
GQ67_04126,
GQ67_04127,CYT1
GQ67_04128,
GQ67_04129,ALG8
GQ67_04130,
GQ67_04131,TUP1
GQ67_04132,NNT1
GQ67_04133,CTS1
GQ67_04134,
GQ67_04135,
GQ67_04136,NPA3
GQ67_04137,BTS1
GQ67_04138,
GQ67_04139,NBA1
GQ67_04140,
GQ67_04141,GLR1
GQ67_04142,ECM31
GQ67_04143,FMP30
GQ67_04144,SEC62
GQ67_04145,
GQ67_04146,ART5
GQ67_04147,HRD3
GQ67_04148,
GQ67_04149,YDL160C-A
GQ67_04150,
GQ67_04151,DLD1
GQ67_04152,HCR1
GQ67_04153,
GQ67_04154,GLT1
GQ67_04155,PWP1
GQ67_04156,NMT1
GQ67_04157,
GQ67_04158,NRP1
GQ67_04159,FLD1
GQ67_04160,CRT10
GQ67_04161,WHI5
GQ67_04162,SIS2
GQ67_04163,NOB1
GQ67_04164,
GQ67_04165,
GQ67_04166,CTR9
GQ67_04167,NOP8
GQ67_04168,RIB4
GQ67_04169,
GQ67_04170,NUP85
GQ67_04171,VMA3
GQ67_04172,SNU13
GQ67_04173,DIS3
GQ67_04174,SLI15
GQ67_04175,GCN20
GQ67_04176,PEX1
GQ67_04177,APS2
GQ67_04178,
GQ67_04179,
GQ67_04180,
GQ67_04181,RPC17
GQ67_04182,YLR455W
GQ67_04183,
GQ67_04184,TIF3
GQ67_04185,FMP27
GQ67_04186,ROX3
GQ67_04187,
GQ67_04188,
GQ67_04189,YJR056C
GQ67_04190,
GQ67_04191,CDC15
GQ67_04192,LEM3
GQ67_04193,
GQ67_04194,TIP20
GQ67_04195,ROG1
GQ67_04196,
GQ67_04197,TRM3
GQ67_04198,RRP42
GQ67_04199,TMA17
GQ67_04200,MRF1
GQ67_04201,RPN6
GQ67_04202,NUP84
GQ67_04205,TEF4
GQ67_04206,LRP1
GQ67_04207,PEX3
GQ67_04208,
GQ67_04209,GIS3
GQ67_04210,
GQ67_04211,
GQ67_04212,
GQ67_04213,PRP8
GQ67_04214,CDC23
GQ67_04215,
GQ67_04216,
GQ67_04217,FMP43
GQ67_04218,HSH49
GQ67_04219,
GQ67_04220,
GQ67_04221,RPN10
GQ67_04222,
GQ67_04223,
GQ67_04224,
GQ67_04225,YMR196W
GQ67_04226,PEP4
GQ67_04227,RAD53
GQ67_04228,PUS7
GQ67_04229,SSP2
GQ67_04230,HRK1
GQ67_04231,PAC1
GQ67_04232,VPH1
GQ67_04233,PTM1
GQ67_04234,CYM1
GQ67_04235,
GQ67_04236,DCR2
GQ67_04237,TRS33
GQ67_04238,HAM1
GQ67_04239,
GQ67_04240,TRM8
GQ67_04241,MRPL11
GQ67_04242,ERD1
GQ67_04243,RRP17
GQ67_04244,IRE1
GQ67_04245,UNG1
GQ67_04246,YML020W
GQ67_04247,YHC3
GQ67_04248,MON1
GQ67_04249,IZH2
GQ67_04250,GTS1
GQ67_04251,MSY1
GQ67_04252,SDH2
GQ67_04253,CDC9
GQ67_04254,
GQ67_04255,PMI40
GQ67_04256,
GQ67_04257,DBP6
GQ67_04258,ACP1
GQ67_04259,MRPS12
GQ67_04260,ARC35
GQ67_04261,GCD10
GQ67_04262,MTQ1
GQ67_04263,RBG2
GQ67_04264,YGR266W
GQ67_04265,
GQ67_04266,
GQ67_04267,GCN5
GQ67_04268,PUP2
GQ67_04269,
GQ67_04270,SKP1
GQ67_04271,YSP2
GQ67_04272,BNA3
GQ67_04273,DOT1
GQ67_04274,SSN2
GQ67_04275,SPT5
GQ67_04276,ERV25
GQ67_04277,RAD33
GQ67_04278,APT1
GQ67_04279,SNX41
GQ67_04280,
GQ67_04281,
GQ67_04282,
GQ67_04283,URC2
GQ67_04284,SPS22
GQ67_04285,
GQ67_04286,STE20
GQ67_04287,MRP4
GQ67_04288,
GQ67_04289,CAP1
GQ67_04290,
GQ67_04291,
GQ67_04292,TFC1
GQ67_04293,
GQ67_04294,RPL14B
GQ67_04295,
GQ67_04296,
GQ67_04297,MDM36
GQ67_04298,PTC4
GQ67_04299,TPS1
GQ67_04300,VMA2
GQ67_04301,
GQ67_04302,
GQ67_04303,
GQ67_04305,
GQ67_04306,
GQ67_04307,
GQ67_04308,
GQ67_04309,
GQ67_04310,FLO_DIG
GQ67_04311,
GQ67_04312,
GQ67_04313,OPT1
GQ67_04314,
GQ67_04315,TNA1
GQ67_04316,
GQ67_04317,
GQ67_04318,
GQ67_04319,MAL31
GQ67_04320,
GQ67_04321,BGLI_ASPFU
GQ67_04322,
GQ67_04324,FLO_ALS2
GQ67_04325,CYC1
GQ67_04326,SSY1
GQ67_04327,
GQ67_04328,GDA1
GQ67_04329,UTR1
GQ67_04330,UBP15
GQ67_04331,CAB4
GQ67_04332,KCS1
GQ67_04333,
GQ67_04334,
GQ67_04335,PSF1
GQ67_04336,
GQ67_04337,DBP7
GQ67_04338,
GQ67_04339,GCN3
GQ67_04340,MEF2
GQ67_04341,RFA2
GQ67_04342,IRC20
GQ67_04343,RCK2
GQ67_04344,APE4
GQ67_04345,YEF3
GQ67_04346,SPO1
GQ67_04347,SSP120
GQ67_04348,
GQ67_04349,
GQ67_04350,
GQ67_04351,
GQ67_04352,
GQ67_04353,YMR321C
GQ67_04354,SCM3
GQ67_04355,
GQ67_04356,VID24
GQ67_04357,
GQ67_04358,YMC1
GQ67_04359,ARO7
GQ67_04360,JID1
GQ67_04361,
GQ67_04362,NUP120
GQ67_04363,HEM14
GQ67_04364,
GQ67_04365,
GQ67_04366,GNA1
GQ67_04367,
GQ67_04368,VPS41
GQ67_04369,ERG4
GQ67_04370,THI5
GQ67_04371,THI13
GQ67_04372,SCL1
GQ67_04373,RSM22
GQ67_04374,YKR041W
GQ67_04375,ASF1
GQ67_04376,
GQ67_04377,SHQ1
GQ67_04378,DPH1
GQ67_04379,COG6
GQ67_04380,YBR287W
GQ67_04381,PEP8
GQ67_04382,
GQ67_04383,PSK2
GQ67_04385,TYE7
GQ67_04386,EXO84
GQ67_04387,ATG16
GQ67_04388,
GQ67_04389,RIB5
GQ67_04390,SQT1
GQ67_04391,PRP46
GQ67_04392,ESA1
GQ67_04393,RRD2
GQ67_04394,
GQ67_04395,YMR210W
GQ67_04396,RAD59
GQ67_04397,USO1
GQ67_04398,AIM44
GQ67_04399,TGS1
GQ67_04400,KIP2
GQ67_04401,YDR352W
GQ67_04402,RLM1
GQ67_04403,
GQ67_04404,
GQ67_04405,
GQ67_04406,SEC16
GQ67_04407,
GQ67_04408,ELP3
GQ67_04409,DIG2
GQ67_04410,EPL1
GQ67_04411,MSD1
GQ67_04412,
GQ67_04413,MNN9
GQ67_04414,LEE1
GQ67_04415,NOG1
GQ67_04416,
GQ67_04417,
GQ67_04418,SMC2
GQ67_04419,
GQ67_04420,GLY1
GQ67_04421,TMA108
GQ67_04422,
GQ67_04423,TPM1
GQ67_04424,EOS1
GQ67_04425,RRT14
GQ67_04426,MET18
GQ67_04427,TAO3
GQ67_04428,END3
GQ67_04429,
GQ67_04430,CCT2
GQ67_04431,SAL1
GQ67_04432,STE2
GQ67_04433,PMS1
GQ67_04434,
GQ67_04435,SNU66
GQ67_04436,RNT1
GQ67_04437,ISW2
GQ67_04438,DAM1
GQ67_04440,YDR132C
GQ67_04441,RPL6B
GQ67_04442,YLR143W
GQ67_04443,
GQ67_04444,
GQ67_04445,ACF2
GQ67_04446,
GQ67_04447,PBY1
GQ67_04448,CPA1
GQ67_04449,RPL3
GQ67_04450,DED1
GQ67_04451,NAM8
GQ67_04452,
GQ67_04453,SWR1
GQ67_04454,
GQ67_04455,
GQ67_04456,
GQ67_04457,ARO9
GQ67_04458,TUB4
GQ67_04459,CBR1
GQ67_04460,HOM3
GQ67_04461,
GQ67_04463,AOX2
GQ67_04464,PLB3
GQ67_04465,RRN11
GQ67_04466,
GQ67_04467,HRD1
GQ67_04468,HTZ1
GQ67_04469,HSP60
GQ67_04470,NPR2
GQ67_04471,KIP1
GQ67_04472,
GQ67_04473,
GQ67_04474,
GQ67_04475,NUP170
GQ67_04476,YPT6
GQ67_04477,USV1
GQ67_04478,ATG26
GQ67_04479,
GQ67_04480,LRG1
GQ67_04481,YMR074C
GQ67_04482,
GQ67_04483,SFP1
GQ67_04484,
GQ67_04485,YDL073W
GQ67_04486,BRE1
GQ67_04487,"DUR1,2"
GQ67_04488,UBP16
GQ67_04489,IRC21
GQ67_04490,
GQ67_04491,IAH1
GQ67_04492,ECM3
GQ67_04493,DUS3
GQ67_04494,DUS4
GQ67_04495,RPL31B
GQ67_04496,RXT3
GQ67_04497,CTR1
GQ67_04498,GVP36
GQ67_04499,
GQ67_04500,RIM8
GQ67_04501,NSR1
GQ67_04502,YOR1
GQ67_04503,
GQ67_04504,CLG1
GQ67_04505,
GQ67_04506,
GQ67_04507,
GQ67_04508,
GQ67_04509,DCP2
GQ67_04511,RIO2
GQ67_04512,AIM7
GQ67_04513,MET7
GQ67_04514,RNR2
GQ67_04515,ERG2
GQ67_04516,CEX1
GQ67_04517,DBP2
GQ67_04518,RPC19
GQ67_04519,AZF1
GQ67_04520,ASG1
GQ67_04521,
GQ67_04522,
GQ67_04523,
GQ67_04524,
GQ67_04525,
GQ67_04526,RPL16A
GQ67_04527,PET9
GQ67_04528,
GQ67_04529,RPS7B
GQ67_04530,
GQ67_04531,RKI1
GQ67_04532,ARF3
GQ67_04533,BZZ1
GQ67_04534,
GQ67_04535,APP1
GQ67_04536,TMA46
GQ67_04537,PTC5
GQ67_04538,VPS21
GQ67_04539,YNL092W
GQ67_04540,YVC1
GQ67_04541,NST1
GQ67_04542,RHO2
GQ67_04543,MCM2
GQ67_04544,CAF40
GQ67_04545,SEC21
GQ67_04546,CUS2
GQ67_04547,OLA1
GQ67_04548,SCO1
GQ67_04549,NOC2
GQ67_04550,ILV2
GQ67_04551,PAP2
GQ67_04552,
GQ67_04553,PML1
GQ67_04554,HCA4
GQ67_04555,
GQ67_04556,QNS1
GQ67_04557,SVP26
GQ67_04558,
GQ67_04559,ADE3
GQ67_04560,
GQ67_04561,TFB2
GQ67_04562,RET1
GQ67_04563,FRE3
GQ67_04564,SAP1
GQ67_04565,CAJ1
GQ67_04566,TPA1
GQ67_04568,CSM3
GQ67_04569,
GQ67_04570,YHR202W
GQ67_04571,RPS4A
GQ67_04572,FMP10
GQ67_04573,FAU1
GQ67_04574,BAT1
GQ67_04575,MSS116
GQ67_04576,
GQ67_04577,
GQ67_04578,RRF1
GQ67_04579,MSC7
GQ67_04580,BCD1
GQ67_04581,YDR333C
GQ67_04582,IPI1
GQ67_04583,BRL1
GQ67_04584,
GQ67_04585,SAM35
GQ67_04586,STE12
GQ67_04587,KSP1
GQ67_04588,GPI8
GQ67_04589,CIN4
GQ67_04590,KAP95
GQ67_04591,CAX4
GQ67_04593,YLR345W
GQ67_04594,
GQ67_04595,
GQ67_04596,SGD1
GQ67_04597,MSP1
GQ67_04598,GAT2
GQ67_04599,CYB2
GQ67_04600,
GQ67_04601,FCF2
GQ67_04602,
GQ67_04603,FRS2
GQ67_04604,STB2
GQ67_04605,
GQ67_04606,NOP58
GQ67_04607,DNA2
GQ67_04608,MDE1
GQ67_04609,
GQ67_04610,TDA10
GQ67_04611,CIR1
GQ67_04612,
GQ67_04613,STU2
GQ67_04614,
GQ67_04616,TRX1
GQ67_04617,ABZ2
GQ67_04618,SER2
GQ67_04619,RRN7
GQ67_04620,
GQ67_04621,DIP5
GQ67_04622,PBP1
GQ67_04623,TDA2
GQ67_04624,CDC12
GQ67_04625,TRP4
GQ67_04626,
GQ67_04627,CNL1
GQ67_04628,GGA2
GQ67_04629,EAF1
GQ67_04630,
GQ67_04631,
GQ67_04632,RPT5
GQ67_04633,BCP1
GQ67_04634,CDC40
GQ67_04635,RPO31
GQ67_04636,YDR262W
GQ67_04637,
GQ67_04638,PIR1
GQ67_04639,YDR338C
GQ67_04640,YMR244W
GQ67_04642,SPT6
GQ67_04643,SYF2
GQ67_04644,
GQ67_04645,YPR147C
GQ67_04646,ETR1
GQ67_04647,MZM1
GQ67_04648,
GQ67_04649,
GQ67_04650,
GQ67_04651,
GQ67_04652,SLN1
GQ67_04653,MLP1
GQ67_04654,MCM10
GQ67_04655,
GQ67_04656,AVT2
GQ67_04657,SLI1
GQ67_04658,
GQ67_04659,YIR007W
GQ67_04660,SRP54
GQ67_04661,PRI1
GQ67_04662,
GQ67_04663,MDS3
GQ67_04664,
GQ67_04665,
GQ67_04666,GCN1
GQ67_04667,CTH1
GQ67_04668,
GQ67_04669,
GQ67_04670,
GQ67_04671,
GQ67_04672,
GQ67_04673,MIG1
GQ67_04674,
GQ67_04675,YDR541C
GQ67_04676,
GQ67_04677,PHO84
GQ67_04678,
GQ67_04679,
GQ67_04680,
GQ67_04681,
GQ67_04682,ATH1
GQ67_04683,HIS6
GQ67_04684,RPB3
GQ67_04685,SCD6
GQ67_04686,NAT3
GQ67_04687,ANT1
GQ67_04688,YGR117C
GQ67_04689,
GQ67_04690,
GQ67_04691,
GQ67_04692,FAA2
GQ67_04693,
GQ67_04694,
GQ67_04695,NUP57
GQ67_04696,
GQ67_04697,CYR1
GQ67_04699,
GQ67_04700,
GQ67_04701,
GQ67_04702,
GQ67_04703,
GQ67_04704,
GQ67_04706,
GQ67_04707,
GQ67_04708,
GQ67_04709,AMN1
GQ67_04710,
GQ67_04711,IFA38
GQ67_04712,CDC28
GQ67_04713,MET10
GQ67_04714,
GQ67_04715,IES6
GQ67_04716,TCA17
GQ67_04717,
GQ67_04718,
GQ67_04719,
GQ67_04720,YAF9
GQ67_04721,YNL108C
GQ67_04722,YOR111W
GQ67_04723,NOP15
GQ67_04724,CYB5
GQ67_04725,
GQ67_04726,YTP1
GQ67_04727,TSC11
GQ67_04728,
GQ67_04729,AIM11
GQ67_04730,EXO5
GQ67_04731,
GQ67_04732,
GQ67_04733,PDR11
GQ67_04734,GCD1
GQ67_04735,
GQ67_04736,
GQ67_04737,NIP100
GQ67_04739,INP1
GQ67_04740,TOM40
GQ67_04741,
GQ67_04742,YOR246C
GQ67_04743,CDC60
GQ67_04744,MEX67
GQ67_04745,SEC63
GQ67_04746,NAT5
GQ67_04747,DAP1
GQ67_04748,ILM1
GQ67_04749,PRO3
GQ67_04750,
GQ67_04752,ATE1
GQ67_04753,CKB1
GQ67_04754,GET1
GQ67_04755,ALK2
GQ67_04756,
GQ67_04757,
GQ67_04758,TMA10
GQ67_04759,ECT1
GQ67_04760,YLR326W
GQ67_04761,
GQ67_04762,SIP5
GQ67_04763,RPP1A
GQ67_04764,RPL13A
GQ67_04765,
GQ67_04766,RPS16A
GQ67_04767,SHM2
GQ67_04768,AGX1
GQ67_04769,
GQ67_04770,HEM2
GQ67_04771,RIX7
GQ67_04772,
GQ67_04773,GRC3
GQ67_04774,
GQ67_04775,POP6
GQ67_04776,
GQ67_04777,NOG2
GQ67_04778,
GQ67_04779,
GQ67_04780,YMR144W
GQ67_04781,YLR057W
GQ67_04782,ORM1
GQ67_04783,POP2
GQ67_04784,BRE5
GQ67_04785,UBC1
GQ67_04786,CDC50
GQ67_04787,CDC39
GQ67_04788,
GQ67_04789,YDL124W
GQ67_04791,
GQ67_04792,TIF35
GQ67_04794,MED7
GQ67_04795,PHA2
GQ67_04796,
GQ67_04797,ZIM17
GQ67_04798,
GQ67_04799,MKS1
GQ67_04800,
GQ67_04801,PIM1
GQ67_04802,HAP3
GQ67_04803,RFT1
GQ67_04804,
GQ67_04805,NCL1
GQ67_04806,RRN10
GQ67_04807,
GQ67_04808,COX15
GQ67_04809,BMT2
GQ67_04810,BMT1
GQ67_04811,
GQ67_04812,
GQ67_04813,
GQ67_04814,
GQ67_04815,RPS13
GQ67_04816,YPL150W
GQ67_04817,
GQ67_04818,
GQ67_04819,
GQ67_04820,
GQ67_04821,HLR1
GQ67_04822,PBN1
GQ67_04823,SPB1
GQ67_04824,
GQ67_04825,
GQ67_04826,
GQ67_04827,KAR4
GQ67_04828,
GQ67_04829,
GQ67_04830,BMT4
GQ67_04831,
GQ67_04832,AVL9
GQ67_04833,YLR290C
GQ67_04834,DBP9
GQ67_04835,ATM1
GQ67_04837,MSC2
GQ67_04838,HST4
GQ67_04839,RVB1
GQ67_04840,PAN5
GQ67_04841,RKM2
GQ67_04842,
GQ67_04843,VPS34
GQ67_04844,
GQ67_04845,
GQ67_04846,EBS1
GQ67_04847,YLR241W
GQ67_04848,
GQ67_04849,SFB3
GQ67_04850,EXO1
GQ67_04851,
GQ67_04852,ADR1
GQ67_04853,PIC2
GQ67_04854,YGL108C
GQ67_04855,CCR4
GQ67_04856,
GQ67_04857,NTG2
GQ67_04858,
GQ67_04859,TPD3
GQ67_04861,
GQ67_04862,PEX4
GQ67_04863,
GQ67_04864,GIP2
GQ67_04865,RSB1
GQ67_04866,CAF130
GQ67_04867,
GQ67_04868,NCA2
GQ67_04869,YPR153W
GQ67_04870,
GQ67_04871,NCE102
GQ67_04872,PHB1
GQ67_04873,PRE9
GQ67_04874,
GQ67_04875,KRE6
GQ67_04876,ATG9
GQ67_04877,CEM1
GQ67_04878,NOP14
GQ67_04879,CCT6
GQ67_04880,
GQ67_04881,FCY2
GQ67_04882,ZRT2
GQ67_04883,
GQ67_04884,HGH1
GQ67_04885,
GQ67_04886,TYS1
GQ67_04888,IMD4
GQ67_04889,
GQ67_04890,
GQ67_04891,ORC1
GQ67_04892,ECM7
GQ67_04893,SMA2
GQ67_04894,MTR2
GQ67_04895,TIP1
GQ67_04896,YMR134W
GQ67_04897,GID8
GQ67_04898,AAT2
GQ67_04899,
GQ67_04900,YLR352W
GQ67_04901,ASI1
GQ67_04902,
GQ67_04903,TUB2
GQ67_04904,RIC1
GQ67_04905,
GQ67_04906,
GQ67_04907,RRB1
GQ67_04908,PRP6
GQ67_04909,
GQ67_04910,
GQ67_04911,SAP190
GQ67_04912,BCH2
GQ67_04913,YNR029C
GQ67_04914,
GQ67_04915,
GQ67_04916,YOL098C
GQ67_04917,
GQ67_04918,CDC3
GQ67_04919,YPR127W
GQ67_04920,
GQ67_04921,POM33
GQ67_04922,
GQ67_04923,
GQ67_04924,
GQ67_04925,RAD2
GQ67_04926,PFS1
GQ67_04927,MMM1
GQ67_04928,IKI1
GQ67_04929,CRH1
GQ67_04930,SPO75
GQ67_04931,
GQ67_04932,
GQ67_04933,
GQ67_04934,
GQ67_04935,
GQ67_04936,
GQ67_04937,
GQ67_04938,
GQ67_04939,
GQ67_04940,
GQ67_04941,
GQ67_04942,GRE2
GQ67_04943,
GQ67_04945,
GQ67_04946,
GQ67_04947,ADH6
GQ67_04948,
GQ67_04949,NCE103
GQ67_04950,SGA1
GQ67_04951,
GQ67_04952,IDH1
GQ67_04953,
GQ67_04954,
GQ67_04955,
GQ67_04956,YPS1
GQ67_04957,SAN1
GQ67_04958,CHK1
GQ67_04959,
GQ67_04960,SHM1
GQ67_04961,RGS2
GQ67_04962,
GQ67_04963,
GQ67_04964,
GQ67_04965,GOR1
GQ67_04966,AIM23
GQ67_04967,YJL132W
GQ67_04968,YKR051W
GQ67_04969,GCR1
GQ67_04970,
GQ67_04971,DPL1
GQ67_04972,HDA2
GQ67_04973,SEC23
GQ67_04974,YAP1
GQ67_04975,ACB1
GQ67_04976,MAM33
GQ67_04977,CLB4
GQ67_04978,
GQ67_04979,YCR051W
GQ67_04980,
GQ67_04981,
GQ67_04982,MKT1
GQ67_04983,OST3
GQ67_04984,SNN1
GQ67_04985,MSS2
GQ67_04987,ADE12
GQ67_04988,
GQ67_04989,SEE1
GQ67_04990,YRB2
GQ67_04991,
GQ67_04992,
GQ67_04993,
GQ67_04994,YPL034W
GQ67_04995,
GQ67_04997,
GQ67_04998,TUB3
GQ67_04999,
GQ67_05000,
GQ67_05001,GAT1
GQ67_05002,HSP12
GQ67_05003,SIC1
GQ67_05004,RGD2
GQ67_05005,RNH1
GQ67_05006,
GQ67_05007,SWP82
GQ67_05008,FUS1
GQ67_05009,SKG3
GQ67_05010,SWI6
GQ67_05011,
GQ67_05012,BNI1
GQ67_05013,
GQ67_05014,
GQ67_05015,
GQ67_05016,MCD1
GQ67_05017,YNL320W
GQ67_05018,
GQ67_05019,MRPL25
GQ67_05020,ARG8
GQ67_05021,VNX1
GQ67_05022,SPE4
GQ67_05023,UBX3
GQ67_05024,
GQ67_05026,
GQ67_05027,GPI11
GQ67_05028,OMS1
GQ67_05029,
GQ67_05030,
GQ67_05031,
GQ67_05032,ASM4
GQ67_05033,
GQ67_05034,SRB2
GQ67_05035,
GQ67_05036,MAK16
GQ67_05037,DRS2
GQ67_05038,
GQ67_05039,SAM4
GQ67_05040,PRO2
GQ67_05041,ISR1
GQ67_05042,UTP14
GQ67_05043,FHL1
GQ67_05044,PRE2
GQ67_05045,
GQ67_05046,
GQ67_05048,YPR011C
GQ67_05049,YGR021W
GQ67_05050,VMA7
GQ67_05051,CHS5
GQ67_05052,
GQ67_05053,UGA1
GQ67_05054,YGR017W
GQ67_05055,ACK1
GQ67_05056,PHO23
GQ67_05057,
GQ67_05058,RGD1
GQ67_05059,
GQ67_05060,
GQ67_05062,
GQ67_05064,CPS1
GQ67_05065,ECM13
GQ67_05066,SFC1
GQ67_05067,RPP1B
GQ67_05068,RKM1
GQ67_05069,
GQ67_05070,POP4
GQ67_05071,AIM22
GQ67_05072,SPR1
GQ67_05073,VPS51
GQ67_05074,ALY2
GQ67_05075,EXO70
GQ67_05076,
GQ67_05077,
GQ67_05078,RPC34
GQ67_05079,ALY1
GQ67_05080,ACM1
GQ67_05081,PLC1
GQ67_05082,ENP1
GQ67_05083,SRM1
GQ67_05084,HIS7
GQ67_05085,
GQ67_05086,PET112
GQ67_05087,
GQ67_05088,
GQ67_05089,ILS1
GQ67_05090,GLE2
GQ67_05091,FLO8
GQ67_05092,ALG3
GQ67_05093,SRB5
GQ67_05094,PCP1
GQ67_05095,GTF1
GQ67_05096,NOP7
GQ67_05097,MRD1
GQ67_05098,MUM3
GQ67_05099,RNA1
GQ67_05100,MBF1
GQ67_05101,
GQ67_05102,PUB1
GQ67_05103,YNR040W
GQ67_05104,
GQ67_05105,
GQ67_05106,BXI1
GQ67_05107,
GQ67_05108,SUP45
GQ67_05109,MAK5
GQ67_05110,YBR141C
GQ67_05111,INM2
GQ67_05112,RPT2
GQ67_05113,PTC1
GQ67_05114,
GQ67_05115,SDH1
GQ67_05116,PUF6
GQ67_05117,RPC25
GQ67_05118,RPT1
GQ67_05119,DBR1
GQ67_05120,MCR1
GQ67_05121,
GQ67_05122,
GQ67_05123,CTK2
GQ67_05124,BET4
GQ67_05125,NOP9
GQ67_05126,
GQ67_05127,COA1
GQ67_05128,TFB1
GQ67_05129,SWA2
GQ67_05130,
GQ67_05131,BUD21
GQ67_05132,YKU80
GQ67_05133,SLD2
GQ67_05134,
GQ67_05135,
GQ67_05136,
GQ67_05137,
GQ67_05138,
GQ67_05139,
GQ67_05140,PXL1
GQ67_05141,TVP38
GQ67_05142,PEX12
GQ67_05143,RRN3
GQ67_05144,ECM29
GQ67_05145,UBI4
GQ67_05146,ENT4
GQ67_05147,PRP19
GQ67_05148,EMC2
GQ67_05149,STE18
GQ67_05150,
GQ67_05151,
GQ67_05152,
GQ67_05153,JSN1
GQ67_05154,GRR1
GQ67_05155,BIR1
GQ67_05156,VMA13
GQ67_05157,TIF5
GQ67_05158,YJR084W
GQ67_05159,
GQ67_05160,
GQ67_05161,
GQ67_05162,ERD2
GQ67_05163,PRE7
GQ67_05164,PMT6
GQ67_05165,ELP2
GQ67_05166,
GQ67_05167,YOR389W
GQ67_05168,TSC13
GQ67_05169,SMD1
GQ67_05170,
GQ67_05171,GUT1
GQ67_05172,
GQ67_05173,
GQ67_05174,
GQ67_05175,AIM25
GQ67_05176,RSM26
GQ67_05177,
GQ67_05178,VPS25
GQ67_05179,URA7
GQ67_05180,
GQ67_05181,AMS1
GQ67_05182,CDC43
GQ67_05183,YDL119C
GQ67_05184,LYS5
GQ67_05185,PEX14
GQ67_05186,LYS4
GQ67_05187,NHP2
GQ67_05188,
GQ67_05189,SEC26
GQ67_05190,MRPL7
GQ67_05191,GLE1
GQ67_05192,FMN1
GQ67_05193,YPR114W
GQ67_05194,
GQ67_05195,RPF1
GQ67_05196,FMC1
GQ67_05197,PRP42
GQ67_05198,NCP1
GQ67_05199,
GQ67_05200,NOP1
GQ67_05201,SLX5
GQ67_05202,
GQ67_05203,
GQ67_05204,
GQ67_05205,MCK1
GQ67_05206,MRPS18
GQ67_05207,RPL25
GQ67_05208,
GQ67_05209,NTH1
GQ67_05210,
GQ67_05211,
GQ67_05212,COQ1
GQ67_05213,YDR514C
GQ67_05214,AOX1
GQ67_05215,
GQ67_05216,COS111
GQ67_05217,YPR109W
GQ67_05218,RPC40
GQ67_05219,
GQ67_05220,
GQ67_05221,YBL095W
GQ67_05222,BNA4
GQ67_05223,UTP22
GQ67_05224,PDR12
GQ67_05225,YLH47
GQ67_05227,ZDS2
GQ67_05228,RCE1
GQ67_05229,
GQ67_05230,TPO4
GQ67_05231,
GQ67_05232,GAL10
GQ67_05233,GRX2
GQ67_05234,LSB5
GQ67_05235,GLO1
GQ67_05236,
GQ67_05237,PDI1
GQ67_05238,MRPL32
GQ67_05239,CDC10
GQ67_05240,GLG1
GQ67_05241,GID7
GQ67_05242,CUE2
GQ67_05243,
GQ67_05244,APM1
GQ67_05245,
GQ67_05246,
GQ67_05247,
GQ67_05248,BIM1
GQ67_05249,AFG3
GQ67_05251,
GQ67_05252,
GQ67_05253,MDL1
GQ67_05254,
GQ67_05255,
GQ67_05256,RCY1
GQ67_05257,ECM25
GQ67_05258,
GQ67_05259,NUC1
GQ67_05260,MET2
GQ67_05261,
GQ67_05262,
GQ67_05263,GRH1
GQ67_05264,EMI1
GQ67_05265,YIP5
GQ67_05266,
GQ67_05267,FYV7
GQ67_05268,
GQ67_05269,
GQ67_05270,
GQ67_05271,
GQ67_05290,
GQ67_05291,
GQ67_05292,
GQ67_05293,
GQ67_05294,
GQ67_05295,
GQ67_05296,
GQ67_05297,
GQ67_05298,
GQ67_05299,YOR292C
GQ67_05300,
GQ67_05301,RPS6A
GQ67_05302,MTF1
GQ67_05303,TAF7
GQ67_05304,EDS1
GQ67_05305,SNF2
GQ67_05306,
GQ67_05307,YPK9
GQ67_05308,
GQ67_05309,
GQ67_05310,
GQ67_05311,
GQ67_05312,VCX1
GQ67_05313,
GQ67_05314,PCL2
GQ67_05315,CDC48
GQ67_05316,HNT1
GQ67_05317,
GQ67_05318,RTG3
GQ67_05319,NTO1
GQ67_05320,SEA4
GQ67_05321,NUP82
GQ67_05322,FMP21
GQ67_05323,LAS21
GQ67_05324,UBP6
GQ67_05325,
GQ67_05326,
GQ67_05327,FAR8
GQ67_05328,PHO88
GQ67_05329,
GQ67_05330,
GQ67_05331,
GQ67_05332,RPB7
GQ67_05333,MRPL23
GQ67_05334,DPB11
GQ67_05335,PAF1
GQ67_05336,RRP15
GQ67_05337,KAR3
GQ67_05338,YPT7
GQ67_05339,PHO80
GQ67_05340,
GQ67_05341,ZRC1
GQ67_05342,MRPL35
GQ67_05343,NMD2
GQ67_05344,PTC7
GQ67_05346,MCM7
GQ67_05348,
GQ67_05349,YME1
GQ67_05350,DFG16
GQ67_05351,
GQ67_05352,CIN5
GQ67_05353,RBA50
GQ67_05354,
GQ67_05355,
GQ67_05356,
GQ67_05357,
GQ67_05358,
GQ67_05359,
GQ67_05360,
GQ67_05361,
GQ67_05362,
